{
    "ins-17": {
        "encoding_3B_z3": 8.251451969146729,
        "encoding_3B_yices-smt2": 2.2724857330322266
    }
}