{
    "ins-21": {
        "encoding_2B_z3": 14.621130228042603,
        "encoding_2C_z3": 14.420068740844727,
        "encoding_2D_z3": 16.01746368408203
    },
    "ins-22": {
        "encoding_2B_z3": 13.74770736694336,
        "encoding_2C_z3": 105.1944727897644,
        "encoding_2D_z3": 14.278126955032349
    },
    "ins-23": {
        "encoding_2B_z3": 3.549006938934326,
        "encoding_2C_z3": 5.386758089065552,
        "encoding_2D_z3": 3.3893988132476807
    },
    "ins-24": {
        "encoding_2B_z3": 1.4773056507110596,
        "encoding_2C_z3": 2.466076135635376,
        "encoding_2D_z3": 1.4172556400299072
    },
    "ins-25": {
        "encoding_2B_z3": 182.05217456817627,
        "encoding_2C_z3": 164.815087556839,
        "encoding_2D_z3": 204.1152307987213
    },
    "ins-26": {
        "encoding_2B_z3": 12.640708923339844,
        "encoding_2C_z3": 29.61596703529358,
        "encoding_2D_z3": 16.016793966293335
    },
    "ins-27": {
        "encoding_2B_z3": 8.099303483963013,
        "encoding_2C_z3": 8.541000366210938,
        "encoding_2D_z3": 10.483065128326416
    },
    "ins-28": {
        "encoding_2B_z3": 17.968570232391357,
        "encoding_2C_z3": 9.593557834625244,
        "encoding_2D_z3": 17.94297432899475
    },
    "ins-29": {
        "encoding_2B_z3": 22.515069484710693,
        "encoding_2C_z3": 5.25730299949646,
        "encoding_2D_z3": 22.231844425201416
    },
    "ins-30": {
        "encoding_2B_z3": 160.0072422027588,
        "encoding_2C_z3": 150.5279426574707,
        "encoding_2D_z3": 120.10604953765869
    },
    "ins-31": {
        "encoding_2B_z3": 2.398406505584717,
        "encoding_2C_z3": 0.7108755111694336,
        "encoding_2D_z3": 2.6366219520568848
    }
}