{
    "ins-1": {
        "encoding_3A_cvc5": 0.35128045082092285,
        "encoding_3B_cvc5": 0.45961618423461914,
        "encoding_3C_cvc5": 0.47692131996154785,
        "encoding_3D_cvc5": 0.3991734981536865,
        "encoding_3E_cvc5": 0.40115904808044434,
        "encoding_3F_cvc5": 0.4484987258911133
    },
    "ins-2": {
        "encoding_3A_cvc5": 0.3835031986236572,
        "encoding_3B_cvc5": 0.2953338623046875,
        "encoding_3C_cvc5": 0.4116973876953125,
        "encoding_3D_cvc5": 0.39462947845458984,
        "encoding_3E_cvc5": 0.4890713691711426,
        "encoding_3F_cvc5": 0.45998454093933105
    },
    "ins-3": {
        "encoding_3A_cvc5": 0.4011979103088379,
        "encoding_3B_cvc5": 0.5240566730499268,
        "encoding_3C_cvc5": 0.5423393249511719,
        "encoding_3D_cvc5": 0.4423708915710449,
        "encoding_3E_cvc5": 0.4970815181732178,
        "encoding_3F_cvc5": 0.441084623336792
    },
    "ins-4": {
        "encoding_3A_cvc5": 0.48543429374694824,
        "encoding_3B_cvc5": 0.5693137645721436,
        "encoding_3C_cvc5": 0.596616268157959,
        "encoding_3D_cvc5": 0.5744571685791016,
        "encoding_3E_cvc5": 0.6227114200592041,
        "encoding_3F_cvc5": 0.6293365955352783
    },
    "ins-5": {
        "encoding_3A_cvc5": 0.9107472896575928,
        "encoding_3B_cvc5": 0.6262867450714111,
        "encoding_3C_cvc5": 0.7213468551635742,
        "encoding_3D_cvc5": 0.7510082721710205,
        "encoding_3E_cvc5": 0.6883058547973633,
        "encoding_3F_cvc5": 0.6334679126739502
    },
    "ins-6": {
        "encoding_3A_cvc5": 1.01511549949646,
        "encoding_3B_cvc5": 0.8265531063079834,
        "encoding_3C_cvc5": 0.8463473320007324,
        "encoding_3D_cvc5": 0.6183676719665527,
        "encoding_3E_cvc5": 0.8335468769073486,
        "encoding_3F_cvc5": 0.9164853096008301
    },
    "ins-7": {
        "encoding_3A_cvc5": 1.1964294910430908,
        "encoding_3B_cvc5": 1.038710355758667,
        "encoding_3C_cvc5": 1.0379736423492432,
        "encoding_3D_cvc5": 1.0484142303466797,
        "encoding_3E_cvc5": 1.0633938312530518,
        "encoding_3F_cvc5": 1.0005486011505127
    },
    "ins-8": {
        "encoding_3A_cvc5": 1.4273991584777832,
        "encoding_3B_cvc5": 1.410017967224121,
        "encoding_3C_cvc5": 1.1434922218322754,
        "encoding_3D_cvc5": 1.0510139465332031,
        "encoding_3E_cvc5": 0.6442797183990479,
        "encoding_3F_cvc5": 0.6451988220214844
    },
    "ins-9": {
        "encoding_3A_cvc5": 1.371403455734253,
        "encoding_3B_cvc5": 1.4315156936645508,
        "encoding_3C_cvc5": 1.2376189231872559,
        "encoding_3D_cvc5": 1.230682134628296,
        "encoding_3E_cvc5": 1.3465063571929932,
        "encoding_3F_cvc5": 1.3066432476043701
    },
    "ins-10": {
        "encoding_3A_cvc5": 2.920910120010376,
        "encoding_3B_cvc5": 3.092773199081421,
        "encoding_3C_cvc5": 2.8709068298339844,
        "encoding_3D_cvc5": 2.749605417251587,
        "encoding_3E_cvc5": 2.699594497680664,
        "encoding_3F_cvc5": 2.7452259063720703
    },
    "ins-11": {
        "encoding_3A_cvc5": 18.25901746749878,
        "encoding_3B_cvc5": 18.373467683792114,
        "encoding_3C_cvc5": 18.789742469787598,
        "encoding_3D_cvc5": 16.889111042022705,
        "encoding_3E_cvc5": 11.32367730140686,
        "encoding_3F_cvc5": 11.79609227180481
    },
    "ins-12": {
        "encoding_3A_cvc5": 2.8688907623291016,
        "encoding_3B_cvc5": 3.067509412765503,
        "encoding_3C_cvc5": 2.796231508255005,
        "encoding_3D_cvc5": 3.0968706607818604,
        "encoding_3E_cvc5": 26.87600564956665,
        "encoding_3F_cvc5": 15.824980974197388
    },
    "ins-13": {
        "encoding_3A_cvc5": 10.612200498580933,
        "encoding_3B_cvc5": 10.652811765670776,
        "encoding_3C_cvc5": 10.81835651397705,
        "encoding_3D_cvc5": 13.917259454727173,
        "encoding_3E_cvc5": 8.177008867263794,
        "encoding_3F_cvc5": 8.278284311294556
    },
    "ins-14": {
        "encoding_3A_cvc5": 51.07274389266968,
        "encoding_3B_cvc5": 22.033297538757324,
        "encoding_3C_cvc5": 62.956013441085815,
        "encoding_3D_cvc5": 23.6933696269989,
        "encoding_3E_cvc5": 12.087157011032104,
        "encoding_3F_cvc5": 11.861047983169556
    },
    "ins-15": {
        "encoding_3A_cvc5": 14.561937808990479,
        "encoding_3B_cvc5": 14.397796869277954,
        "encoding_3C_cvc5": 14.224835395812988,
        "encoding_3D_cvc5": 13.172365188598633,
        "encoding_3E_cvc5": 3.3872244358062744,
        "encoding_3F_cvc5": 3.1210575103759766
    },
    "ins-16": {
        "encoding_3A_cvc5": 25.94545269012451,
        "encoding_3B_cvc5": 26.18688130378723,
        "encoding_3C_cvc5": 27.235000371932983,
        "encoding_3D_cvc5": "NaN",
        "encoding_3E_cvc5": 178.42238402366638,
        "encoding_3F_cvc5": 127.47531199455261
    },
    "ins-17": {
        "encoding_3A_cvc5": 12.305647373199463,
        "encoding_3B_cvc5": 11.901006937026978,
        "encoding_3C_cvc5": 13.535811424255371,
        "encoding_3D_cvc5": 11.115474939346313,
        "encoding_3E_cvc5": 23.183399438858032,
        "encoding_3F_cvc5": 20.578075885772705
    },
    "ins-18": {
        "encoding_3A_cvc5": "NaN",
        "encoding_3B_cvc5": 300.0617456436157,
        "encoding_3C_cvc5": 156.99356722831726,
        "encoding_3D_cvc5": 101.63174247741699,
        "encoding_3E_cvc5": 41.009700775146484,
        "encoding_3F_cvc5": 42.22535037994385
    },
    "ins-19": {
        "encoding_3A_cvc5": "NaN",
        "encoding_3B_cvc5": "NaN",
        "encoding_3C_cvc5": "NaN",
        "encoding_3D_cvc5": "NaN",
        "encoding_3E_cvc5": 146.5002727508545,
        "encoding_3F_cvc5": 109.83976006507874
    },
    "ins-20": {
        "encoding_3A_cvc5": 23.83078622817993,
        "encoding_3B_cvc5": 24.11698293685913,
        "encoding_3C_cvc5": 24.10612416267395,
        "encoding_3D_cvc5": 88.96881866455078,
        "encoding_3E_cvc5": 185.17398238182068,
        "encoding_3F_cvc5": 188.77879905700684
    }
}