{
    "ins-1": {
        "encoding_1_z3": 0.4138798713684082,
        "encoding_2A_z3": 0.3680002689361572,
        "encoding_2B_z3": 0.4987921714782715,
        "encoding_2C_z3": 0.3120765686035156,
        "encoding_2D_z3": 0.35372328758239746
    },
    "ins-2": {
        "encoding_1_z3": 0.5762341022491455,
        "encoding_2A_z3": 0.35996198654174805,
        "encoding_2B_z3": 0.25072312355041504,
        "encoding_2C_z3": 0.2651350498199463,
        "encoding_2D_z3": 0.23936057090759277
    },
    "ins-3": {
        "encoding_1_z3": 0.3811469078063965,
        "encoding_2A_z3": 0.2167665958404541,
        "encoding_2B_z3": 0.20243310928344727,
        "encoding_2C_z3": 0.21282482147216797,
        "encoding_2D_z3": 0.22006702423095703
    },
    "ins-4": {
        "encoding_1_z3": 0.36510396003723145,
        "encoding_2A_z3": 0.21050238609313965,
        "encoding_2B_z3": 0.20795559883117676,
        "encoding_2C_z3": 0.2245473861694336,
        "encoding_2D_z3": 0.19207286834716797
    },
    "ins-5": {
        "encoding_1_z3": 0.5196645259857178,
        "encoding_2A_z3": 0.22817373275756836,
        "encoding_2B_z3": 0.22606658935546875,
        "encoding_2C_z3": 0.21194934844970703,
        "encoding_2D_z3": 0.1933913230895996
    },
    "ins-6": {
        "encoding_1_z3": 0.5733516216278076,
        "encoding_2A_z3": 0.27000904083251953,
        "encoding_2B_z3": 0.20748543739318848,
        "encoding_2C_z3": 0.2190074920654297,
        "encoding_2D_z3": 0.23466205596923828
    },
    "ins-7": {
        "encoding_1_z3": 0.6364114284515381,
        "encoding_2A_z3": 0.25940608978271484,
        "encoding_2B_z3": 0.22701215744018555,
        "encoding_2C_z3": 0.2130279541015625,
        "encoding_2D_z3": 0.23408150672912598
    },
    "ins-8": {
        "encoding_1_z3": 0.5989284515380859,
        "encoding_2A_z3": 0.2625136375427246,
        "encoding_2B_z3": 0.19621968269348145,
        "encoding_2C_z3": 0.2234354019165039,
        "encoding_2D_z3": 0.22878551483154297
    },
    "ins-9": {
        "encoding_1_z3": 0.8523340225219727,
        "encoding_2A_z3": 0.2410745620727539,
        "encoding_2B_z3": 0.22127413749694824,
        "encoding_2C_z3": 0.2215723991394043,
        "encoding_2D_z3": 0.27245521545410156
    },
    "ins-10": {
        "encoding_1_z3": 1.0449836254119873,
        "encoding_2A_z3": 0.4484074115753174,
        "encoding_2B_z3": 0.2728152275085449,
        "encoding_2C_z3": 0.2755918502807617,
        "encoding_2D_z3": 0.27016258239746094
    },
    "ins-11": {
        "encoding_1_z3": "NaN",
        "encoding_2A_z3": "NaN",
        "encoding_2B_z3": 6.386426210403442,
        "encoding_2C_z3": 6.63118839263916,
        "encoding_2D_z3": 6.977949142456055
    },
    "ins-12": {
        "encoding_1_z3": 3.038321018218994,
        "encoding_2A_z3": 1.1088707447052002,
        "encoding_2B_z3": 1.040057897567749,
        "encoding_2C_z3": 0.6888883113861084,
        "encoding_2D_z3": 0.9411449432373047
    },
    "ins-13": {
        "encoding_1_z3": 3.9268009662628174,
        "encoding_2A_z3": 4.053263425827026,
        "encoding_2B_z3": 0.6447432041168213,
        "encoding_2C_z3": 0.7014360427856445,
        "encoding_2D_z3": 0.6282603740692139
    },
    "ins-14": {
        "encoding_1_z3": 16.945911169052124,
        "encoding_2A_z3": 19.778494596481323,
        "encoding_2B_z3": 0.8137719631195068,
        "encoding_2C_z3": 0.8864898681640625,
        "encoding_2D_z3": 0.7480499744415283
    },
    "ins-15": {
        "encoding_1_z3": 5.971698760986328,
        "encoding_2A_z3": 1.2534527778625488,
        "encoding_2B_z3": 0.6899056434631348,
        "encoding_2C_z3": 1.0532679557800293,
        "encoding_2D_z3": 0.7255184650421143
    },
    "ins-16": {
        "encoding_1_z3": "NaN",
        "encoding_2A_z3": "NaN",
        "encoding_2B_z3": 8.223286867141724,
        "encoding_2C_z3": 17.161964893341064,
        "encoding_2D_z3": 7.808461666107178
    },
    "ins-17": {
        "encoding_1_z3": 8.067401647567749,
        "encoding_2A_z3": 2.731537103652954,
        "encoding_2B_z3": 1.8168153762817383,
        "encoding_2C_z3": 2.595616340637207,
        "encoding_2D_z3": 1.512847661972046
    },
    "ins-18": {
        "encoding_1_z3": 14.954383134841919,
        "encoding_2A_z3": 3.5063350200653076,
        "encoding_2B_z3": 5.903560161590576,
        "encoding_2C_z3": 5.074887752532959,
        "encoding_2D_z3": 5.209805488586426
    },
    "ins-19": {
        "encoding_1_z3": "NaN",
        "encoding_2A_z3": "NaN",
        "encoding_2B_z3": 130.03052353858948,
        "encoding_2C_z3": 223.74301552772522,
        "encoding_2D_z3": 84.61798882484436
    },
    "ins-20": {
        "encoding_1_z3": "NaN",
        "encoding_2A_z3": "NaN",
        "encoding_2B_z3": 13.986327171325684,
        "encoding_2C_z3": 54.74081873893738,
        "encoding_2D_z3": 14.012703657150269
    }
}