{
    "ins-1": {
        "encoding_3A_z3": 0.3487589359283447,
        "encoding_3A_cvc5": 0.35128045082092285,
        "encoding_3A_yices-smt2": 0.3398737907409668,
        "encoding_3B_z3": 0.43523359298706055,
        "encoding_3B_cvc5": 0.45961618423461914,
        "encoding_3B_yices-smt2": 0.4783048629760742,
        "encoding_3C_z3": 0.46039581298828125,
        "encoding_3C_cvc5": 0.47692131996154785,
        "encoding_3C_yices-smt2": 0.4253702163696289,
        "encoding_3D_z3": 0.35105228424072266,
        "encoding_3D_cvc5": 0.3991734981536865,
        "encoding_3D_yices-smt2": 0.3604602813720703,
        "encoding_3E_z3": 0.39322829246520996,
        "encoding_3E_cvc5": 0.40115904808044434,
        "encoding_3E_yices-smt2": 0.46676087379455566,
        "encoding_3F_z3": 0.3940563201904297,
        "encoding_3F_cvc5": 0.4484987258911133,
        "encoding_3F_yices-smt2": 0.45769596099853516
    },
    "ins-2": {
        "encoding_3A_z3": 0.3320498466491699,
        "encoding_3A_cvc5": 0.3835031986236572,
        "encoding_3A_yices-smt2": 0.48089122772216797,
        "encoding_3B_z3": 0.3144497871398926,
        "encoding_3B_cvc5": 0.2953338623046875,
        "encoding_3B_yices-smt2": 0.351747989654541,
        "encoding_3C_z3": 0.35829877853393555,
        "encoding_3C_cvc5": 0.4116973876953125,
        "encoding_3C_yices-smt2": 0.35273194313049316,
        "encoding_3D_z3": 0.30812954902648926,
        "encoding_3D_cvc5": 0.39462947845458984,
        "encoding_3D_yices-smt2": 0.3490114212036133,
        "encoding_3E_z3": 0.2823355197906494,
        "encoding_3E_cvc5": 0.4890713691711426,
        "encoding_3E_yices-smt2": 0.476895809173584,
        "encoding_3F_z3": 0.33040928840637207,
        "encoding_3F_cvc5": 0.45998454093933105,
        "encoding_3F_yices-smt2": 0.3919990062713623
    },
    "ins-3": {
        "encoding_3A_z3": 0.3888058662414551,
        "encoding_3A_cvc5": 0.4011979103088379,
        "encoding_3A_yices-smt2": 0.46138834953308105,
        "encoding_3B_z3": 0.4118483066558838,
        "encoding_3B_cvc5": 0.5240566730499268,
        "encoding_3B_yices-smt2": 0.46210598945617676,
        "encoding_3C_z3": 0.4114370346069336,
        "encoding_3C_cvc5": 0.5423393249511719,
        "encoding_3C_yices-smt2": 0.3841056823730469,
        "encoding_3D_z3": 0.39685916900634766,
        "encoding_3D_cvc5": 0.4423708915710449,
        "encoding_3D_yices-smt2": 0.5022006034851074,
        "encoding_3E_z3": 0.3807253837585449,
        "encoding_3E_cvc5": 0.4970815181732178,
        "encoding_3E_yices-smt2": 0.3600649833679199,
        "encoding_3F_z3": 0.3645331859588623,
        "encoding_3F_cvc5": 0.441084623336792,
        "encoding_3F_yices-smt2": 0.3356800079345703
    },
    "ins-4": {
        "encoding_3A_z3": 0.3513975143432617,
        "encoding_3A_cvc5": 0.48543429374694824,
        "encoding_3A_yices-smt2": 0.48798656463623047,
        "encoding_3B_z3": 0.4260392189025879,
        "encoding_3B_cvc5": 0.5693137645721436,
        "encoding_3B_yices-smt2": 0.448345422744751,
        "encoding_3C_z3": 0.37024784088134766,
        "encoding_3C_cvc5": 0.596616268157959,
        "encoding_3C_yices-smt2": 0.3785521984100342,
        "encoding_3D_z3": 0.4920213222503662,
        "encoding_3D_cvc5": 0.5744571685791016,
        "encoding_3D_yices-smt2": 0.4640345573425293,
        "encoding_3E_z3": 0.33779358863830566,
        "encoding_3E_cvc5": 0.6227114200592041,
        "encoding_3E_yices-smt2": 0.4992969036102295,
        "encoding_3F_z3": 0.37762880325317383,
        "encoding_3F_cvc5": 0.6293365955352783,
        "encoding_3F_yices-smt2": 0.37969136238098145
    },
    "ins-5": {
        "encoding_3A_z3": 0.4659740924835205,
        "encoding_3A_cvc5": 0.9107472896575928,
        "encoding_3A_yices-smt2": 0.3925940990447998,
        "encoding_3B_z3": 0.47394633293151855,
        "encoding_3B_cvc5": 0.6262867450714111,
        "encoding_3B_yices-smt2": 0.41503262519836426,
        "encoding_3C_z3": 0.5021817684173584,
        "encoding_3C_cvc5": 0.7213468551635742,
        "encoding_3C_yices-smt2": 0.4293370246887207,
        "encoding_3D_z3": 0.37330079078674316,
        "encoding_3D_cvc5": 0.7510082721710205,
        "encoding_3D_yices-smt2": 0.44180727005004883,
        "encoding_3E_z3": 0.4082367420196533,
        "encoding_3E_cvc5": 0.6883058547973633,
        "encoding_3E_yices-smt2": 0.3681061267852783,
        "encoding_3F_z3": 0.4678468704223633,
        "encoding_3F_cvc5": 0.6334679126739502,
        "encoding_3F_yices-smt2": 0.4275031089782715
    },
    "ins-6": {
        "encoding_3A_z3": 0.4796640872955322,
        "encoding_3A_cvc5": 1.01511549949646,
        "encoding_3A_yices-smt2": 0.5550386905670166,
        "encoding_3B_z3": 0.48816776275634766,
        "encoding_3B_cvc5": 0.8265531063079834,
        "encoding_3B_yices-smt2": 0.47678208351135254,
        "encoding_3C_z3": 0.5307059288024902,
        "encoding_3C_cvc5": 0.8463473320007324,
        "encoding_3C_yices-smt2": 0.5086691379547119,
        "encoding_3D_z3": 0.575911283493042,
        "encoding_3D_cvc5": 0.6183676719665527,
        "encoding_3D_yices-smt2": 0.5179731845855713,
        "encoding_3E_z3": 0.5871100425720215,
        "encoding_3E_cvc5": 0.8335468769073486,
        "encoding_3E_yices-smt2": 0.498990535736084,
        "encoding_3F_z3": 0.470623254776001,
        "encoding_3F_cvc5": 0.9164853096008301,
        "encoding_3F_yices-smt2": 0.46001601219177246
    },
    "ins-7": {
        "encoding_3A_z3": 0.4737279415130615,
        "encoding_3A_cvc5": 1.1964294910430908,
        "encoding_3A_yices-smt2": 0.3659529685974121,
        "encoding_3B_z3": 0.3498384952545166,
        "encoding_3B_cvc5": 1.038710355758667,
        "encoding_3B_yices-smt2": 0.42363643646240234,
        "encoding_3C_z3": 0.44284915924072266,
        "encoding_3C_cvc5": 1.0379736423492432,
        "encoding_3C_yices-smt2": 0.39882969856262207,
        "encoding_3D_z3": 0.40201687812805176,
        "encoding_3D_cvc5": 1.0484142303466797,
        "encoding_3D_yices-smt2": 0.4703371524810791,
        "encoding_3E_z3": 0.5143065452575684,
        "encoding_3E_cvc5": 1.0633938312530518,
        "encoding_3E_yices-smt2": 0.5313196182250977,
        "encoding_3F_z3": 0.4328615665435791,
        "encoding_3F_cvc5": 1.0005486011505127,
        "encoding_3F_yices-smt2": 0.5999948978424072
    },
    "ins-8": {
        "encoding_3A_z3": 0.4947822093963623,
        "encoding_3A_cvc5": 1.4273991584777832,
        "encoding_3A_yices-smt2": 0.4734470844268799,
        "encoding_3B_z3": 0.3325836658477783,
        "encoding_3B_cvc5": 1.410017967224121,
        "encoding_3B_yices-smt2": 0.5160553455352783,
        "encoding_3C_z3": 0.3753530979156494,
        "encoding_3C_cvc5": 1.1434922218322754,
        "encoding_3C_yices-smt2": 0.4903566837310791,
        "encoding_3D_z3": 0.43533992767333984,
        "encoding_3D_cvc5": 1.0510139465332031,
        "encoding_3D_yices-smt2": 0.43714070320129395,
        "encoding_3E_z3": 0.47712063789367676,
        "encoding_3E_cvc5": 0.6442797183990479,
        "encoding_3E_yices-smt2": 0.364654541015625,
        "encoding_3F_z3": 0.4938673973083496,
        "encoding_3F_cvc5": 0.6451988220214844,
        "encoding_3F_yices-smt2": 0.4365501403808594
    },
    "ins-9": {
        "encoding_3A_z3": 0.3236989974975586,
        "encoding_3A_cvc5": 1.371403455734253,
        "encoding_3A_yices-smt2": 0.4856736660003662,
        "encoding_3B_z3": 0.3905477523803711,
        "encoding_3B_cvc5": 1.4315156936645508,
        "encoding_3B_yices-smt2": 0.3932974338531494,
        "encoding_3C_z3": 0.423534631729126,
        "encoding_3C_cvc5": 1.2376189231872559,
        "encoding_3C_yices-smt2": 0.45485448837280273,
        "encoding_3D_z3": 0.49442553520202637,
        "encoding_3D_cvc5": 1.230682134628296,
        "encoding_3D_yices-smt2": 0.4352421760559082,
        "encoding_3E_z3": 0.3984222412109375,
        "encoding_3E_cvc5": 1.3465063571929932,