{
    "ins-1": {
        "encoding_11A": 1.2364842891693115,
        "encoding_11B": 0.7417643070220947,
        "encoding_11C": 0.7767155170440674
    },
    "ins-2": {
        "encoding_11A": 2.4911043643951416,
        "encoding_11B": 1.134251356124878,
        "encoding_11C": 1.002877950668335
    },
    "ins-3": {
        "encoding_11A": 3.4548678398132324,
        "encoding_11B": 1.4050302505493164,
        "encoding_11C": 1.389451026916504
    },
    "ins-4": {
        "encoding_11A": 5.208183765411377,
        "encoding_11B": 2.0061869621276855,
        "encoding_11C": 1.870177984237671
    },
    "ins-5": {
        "encoding_11A": 8.764713048934937,
        "encoding_11B": 3.028193950653076,
        "encoding_11C": 3.0329935550689697
    },
    "ins-6": {
        "encoding_11A": 11.728302478790283,
        "encoding_11B": 3.6500563621520996,
        "encoding_11C": 3.77150559425354
    },
    "ins-7": {
        "encoding_11A": 13.323159456253052,
        "encoding_11B": 4.262720108032227,
        "encoding_11C": 4.266954660415649
    },
    "ins-8": {
        "encoding_11A": 19.223191499710083,
        "encoding_11B": 6.511831760406494,
        "encoding_11C": 6.434032440185547
    },
    "ins-9": {
        "encoding_11A": 44.2471399307251,
        "encoding_11B": 6.437248229980469,
        "encoding_11C": 6.204314708709717
    },
    "ins-10": {
        "encoding_11A": 38.02926540374756,
        "encoding_11B": 10.765300512313843,
        "encoding_11C": 10.562297582626343
    },
    "ins-11": {
        "encoding_11A": 129.87517166137695,
        "encoding_11B": 27.837038040161133,
        "encoding_11C": 27.016945838928223
    },
    "ins-12": {
        "encoding_11A": 109.51186156272888,
        "encoding_11B": 19.769638538360596,
        "encoding_11C": 20.426689624786377
    },
    "ins-13": {
        "encoding_11A": 173.60101175308228,
        "encoding_11B": 41.73253297805786,
        "encoding_11C": 49.6462287902832
    },
    "ins-14": {
        "encoding_11A": 186.80762195587158,
        "encoding_11B": 64.6058042049408,
        "encoding_11C": 43.15788984298706
    },
    "ins-15": {
        "encoding_11A": 239.83137226104736,
        "encoding_11B": 33.78805208206177,
        "encoding_11C": 29.23793601989746
    },
    "ins-16": {
        "encoding_11A": 169.62283849716187,
        "encoding_11B": 99.95313692092896,
        "encoding_11C": 88.60799407958984
    },
    "ins-17": {
        "encoding_11A": 125.86508250236511,
        "encoding_11B": 51.386199712753296,
        "encoding_11C": 41.54988121986389
    },
    "ins-18": {
        "encoding_11A": 173.73219275474548,
        "encoding_11B": 53.56322479248047,
        "encoding_11C": 62.25127935409546
    },
    "ins-19": {
        "encoding_11A": "NaN",
        "encoding_11B": 79.15649509429932,
        "encoding_11C": 74.82013893127441
    },
    "ins-20": {
        "encoding_11A": 226.88124561309814,
        "encoding_11B": 93.16062116622925,
        "encoding_11C": 144.90508484840393
    }
}