{
    "ins-1": {
        "encoding_11B": 0.7417643070220947,
        "encoding_11C": 0.7767155170440674
    },
    "ins-2": {
        "encoding_11B": 1.134251356124878,
        "encoding_11C": 1.002877950668335
    },
    "ins-3": {
        "encoding_11B": 1.4050302505493164,
        "encoding_11C": 1.389451026916504
    },
    "ins-4": {
        "encoding_11B": 2.0061869621276855,
        "encoding_11C": 1.870177984237671
    },
    "ins-5": {
        "encoding_11B": 3.028193950653076,
        "encoding_11C": 3.0329935550689697
    },
    "ins-6": {
        "encoding_11B": 3.6500563621520996,
        "encoding_11C": 3.77150559425354
    },
    "ins-7": {
        "encoding_11B": 4.262720108032227,
        "encoding_11C": 4.266954660415649
    },
    "ins-8": {
        "encoding_11B": 6.511831760406494,
        "encoding_11C": 6.434032440185547
    },
    "ins-9": {
        "encoding_11B": 6.437248229980469,
        "encoding_11C": 6.204314708709717
    },
    "ins-10": {
        "encoding_11B": 10.765300512313843,
        "encoding_11C": 10.562297582626343
    },
    "ins-11": {
        "encoding_11B": 27.837038040161133,
        "encoding_11C": 27.016945838928223
    },
    "ins-12": {
        "encoding_11B": 19.769638538360596,
        "encoding_11C": 20.426689624786377
    },
    "ins-13": {
        "encoding_11B": 41.73253297805786,
        "encoding_11C": 49.6462287902832
    },
    "ins-14": {
        "encoding_11B": 64.6058042049408,
        "encoding_11C": 43.15788984298706
    },
    "ins-15": {
        "encoding_11B": 33.78805208206177,
        "encoding_11C": 29.23793601989746
    },
    "ins-16": {
        "encoding_11B": 99.95313692092896,
        "encoding_11C": 88.60799407958984
    },
    "ins-17": {
        "encoding_11B": 51.386199712753296,
        "encoding_11C": 41.54988121986389
    },
    "ins-18": {
        "encoding_11B": 53.56322479248047,
        "encoding_11C": 62.25127935409546
    },
    "ins-19": {
        "encoding_11B": 79.15649509429932,
        "encoding_11C": 74.82013893127441
    },
    "ins-20": {
        "encoding_11B": 95.90827965736389,
        "encoding_11C": 141.8081877231598
    },
    "ins-21": {
        "encoding_11B": 156.59000420570374,
        "encoding_11C": 203.3361313343048
    },
    "ins-22": {
        "encoding_11B": "NaN",
        "encoding_11C": "NaN"
    },
    "ins-23": {
        "encoding_11B": 91.89387202262878,
        "encoding_11C": 68.41167640686035
    },
    "ins-24": {
        "encoding_11B": 62.70606207847595,
        "encoding_11C": 64.33609366416931
    },
    "ins-25": {
        "encoding_11B": "NaN",
        "encoding_11C": "NaN"
    },
    "ins-26": {
        "encoding_11B": 215.79512810707092,
        "encoding_11C": 139.98506808280945
    },
    "ins-27": {
        "encoding_11B": 113.63886070251465,
        "encoding_11C": 111.82489395141602
    },
    "ins-28": {
        "encoding_11B": 116.54618573188782,
        "encoding_11C": 143.2599368095398
    },
    "ins-29": {
        "encoding_11B": 137.55848097801208,
        "encoding_11C": 254.28890109062195
    },
    "ins-30": {
        "encoding_11B": "NaN",
        "encoding_11C": "NaN"
    },
    "ins-31": {
        "encoding_11B": 67.99174618721008,
        "encoding_11C": 69.771005153656
    },
    "ins-32": {
        "encoding_11B": "NaN",
        "encoding_11C": "NaN"
    },
    "ins-33": {
        "encoding_11B": 88.23606252670288,
        "encoding_11C": 111.0326726436615
    },
    "ins-34": {
        "encoding_11B": 291.0542140007019,
        "encoding_11C": 265.52916407585144
    },
    "ins-35": {
        "encoding_11B": 103.76525211334229,
        "encoding_11C": 155.02608561515808
    },
    "ins-36": {
        "encoding_11B": 125.82069563865662,
        "encoding_11C": 164.32043552398682
    },
    "ins-37": {
        "encoding_11B": "NaN",
        "encoding_11C": "NaN"
    },
    "ins-38": {
        "encoding_11B": "NaN",
        "encoding_11C": "NaN"
    },
    "ins-39": {
        "encoding_11B": "NaN",
        "encoding_11C": "NaN"
    },
    "ins-40": {
        "encoding_11B": "NaN",
        "encoding_11C": "NaN"
    }
}