{
    "ins-1": {
        "encoding_4A": 1.0151727199554443,
        "encoding_9A": 1.0308289527893066,
        "encoding_9B": 0.9901447296142578
    },

    "ins-2": {
        "encoding_4A": 1.300426959991455,
        "encoding_9A": 1.2806944847106934,
        "encoding_9B": 1.2001709938049316
    },

    "ins-3": {
        "encoding_4A": 2.7304046154022217,
        "encoding_9A": 2.5585124492645264,
        "encoding_9B": 2.6099812984466553
    },

    "ins-4": {
        "encoding_4A": 8.02726149559021,
        "encoding_9A": 7.56809401512146,
        "encoding_9B": 7.365110158920288
    },

    "ins-5": {
        "encoding_4A": 11.292421579360962,
        "encoding_9A": 9.682122707366943,
        "encoding_9B": 9.842073917388916
    },

    "ins-6": {
        "encoding_4A": 37.69979190826416,
        "encoding_9A": 31.481199979782104,
        "encoding_9B": 30.679263830184937
    },

    "ins-7": {
        "encoding_4A": 28.630573272705078,
        "encoding_9A": 23.612900495529175,
        "encoding_9B": 22.08044672012329
    },

    "ins-8": {
        "encoding_4A": 55.624239921569824,
        "encoding_9A": 42.686036109924316,
        "encoding_9B": 40.429924726486206
    },

    "ins-9": {
        "encoding_4A": 55.15128302574158,
        "encoding_9A": 50.573983669281006,
        "encoding_9B": 53.3315589427948
    },

    "ins-10": {
        "encoding_4A": "NaN",
        "encoding_9A": 92.33581161499023,
        "encoding_9B": 81.14004278182983
    },

    "ins-11": {
        "encoding_4A": "NaN",
        "encoding_9A": "NaN",
        "encoding_9B": 96.23453450202942
    },

    "ins-12": {
        "encoding_4A": 193.8020417690277,
        "encoding_9A": 211.88044786453247,
        "encoding_9B": 209.63881731033325
    },

    "ins-13": {
        "encoding_4A": "NaN",
        "encoding_9A": "NaN",
        "encoding_9B": "NaN"
    },

    "ins-14": {
        "encoding_4A": "NaN",
        "encoding_9A": "NaN",
        "encoding_9B": "NaN"
    },
    
    "ins-15": {
        "encoding_4A": "NaN",
        "encoding_9A": "NaN",
        "encoding_9B": "NaN"
    }
}
