{
    "ins-1": {
        "encoding_3": 2.1498284339904785,
        "encoding_4A": 1.3983306884765625
    },
    "ins-2": {
        "encoding_3": 1.9392497539520264,
        "encoding_4A": 1.8665521144866943
    },
    "ins-3": {
        "encoding_3": 4.602192401885986,
        "encoding_4A": 4.047548294067383
    }
}