{
    "ins-21": {
        "encoding_3A_z3": 109.1320641040802,
        "encoding_3B_z3": 4.21381402015686,
        "encoding_3C_z3": 3.9709770679473877,
        "encoding_3D_z3": 69.44355607032776,
        "encoding_3E_z3": 53.427223920822144,
        "encoding_3F_z3": 56.204787492752075
    },
    "ins-22": {
        "encoding_3A_z3": "NaN",
        "encoding_3B_z3": 41.55592679977417,
        "encoding_3C_z3": "NaN",
        "encoding_3D_z3": 262.50977993011475,
        "encoding_3E_z3": "NaN",
        "encoding_3F_z3": 255.84512901306152
    },
    "ins-23": {
        "encoding_3A_z3": 163.06368708610535,
        "encoding_3B_z3": 8.077341794967651,
        "encoding_3C_z3": 8.348716735839844,
        "encoding_3D_z3": 123.02354693412781,
        "encoding_3E_z3": 96.46824741363525,
        "encoding_3F_z3": 81.50718259811401
    },
    "ins-24": {
        "encoding_3A_z3": 30.861144304275513,
        "encoding_3B_z3": 44.01732683181763,
        "encoding_3C_z3": 46.13775682449341,
        "encoding_3D_z3": 5.3142266273498535,
        "encoding_3E_z3": 5.323530673980713,
        "encoding_3F_z3": 5.319458484649658
    }
}