{
    "ins-1": {
        "encoding_2C_z3": 0.2128157615661621,
        "encoding_5_z3": 0.24560761451721191
    },
    "ins-2": {
        "encoding_2C_z3": 0.21698260307312012,
        "encoding_5_z3": 0.2624967098236084
    },
    "ins-3": {
        "encoding_2C_z3": 0.2324378490447998,
        "encoding_5_z3": 0.24388408660888672
    },
    "ins-4": {
        "encoding_2C_z3": 0.26352596282958984,
        "encoding_5_z3": 0.30846548080444336
    },
    "ins-5": {
        "encoding_2C_z3": 0.2506070137023926,
        "encoding_5_z3": 1.161210298538208
    },
    "ins-6": {
        "encoding_2C_z3": 0.24627232551574707,
        "encoding_5_z3": 0.4722440242767334
    },
    "ins-7": {
        "encoding_2C_z3": 0.26673078536987305,
        "encoding_5_z3": 0.7463316917419434
    },
    "ins-8": {
        "encoding_2C_z3": 0.28328895568847656,
        "encoding_5_z3": 0.5454068183898926
    },
    "ins-9": {
        "encoding_2C_z3": 0.2785921096801758,
        "encoding_5_z3": 0.5706079006195068
    },
    "ins-10": {
        "encoding_2C_z3": 0.3479893207550049,
        "encoding_5_z3": 1.2457306385040283
    },
    "ins-11": {
        "encoding_2C_z3": 2.322208881378174,
        "encoding_5_z3": 24.177143812179565
    },
    "ins-12": {
        "encoding_2C_z3": 0.3720378875732422,
        "encoding_5_z3": 11.397156953811646
    },
    "ins-13": {
        "encoding_2C_z3": 0.41431522369384766,
        "encoding_5_z3": 0.8035862445831299
    },
    "ins-14": {
        "encoding_2C_z3": 0.5411629676818848,
        "encoding_5_z3": 2.315324306488037
    },
    "ins-15": {
        "encoding_2C_z3": 0.5979607105255127,
        "encoding_5_z3": 24.528650045394897
    },
    "ins-16": {
        "encoding_2C_z3": 8.922736644744873,
        "encoding_5_z3": "NaN"
    },
    "ins-17": {
        "encoding_2C_z3": 1.2476985454559326,
        "encoding_5_z3": 257.4722137451172
    },
    "ins-18": {
        "encoding_2C_z3": 2.9640207290649414,
        "encoding_5_z3": 83.29866766929626
    },
    "ins-19": {
        "encoding_2C_z3": 53.27995467185974,
        "encoding_5_z3": "NaN"
    },
    "ins-20": {
        "encoding_2C_z3": 25.990981817245483,
        "encoding_5_z3": 153.41074395179749
    },
    "ins-21": {
        "encoding_2C_z3": 19.513954639434814,
        "encoding_5_z3": "NaN"
    },
    "ins-22": {
        "encoding_2C_z3": 115.93945479393005,
        "encoding_5_z3": "NaN"
    },
    "ins-23": {
        "encoding_2C_z3": 5.487835645675659,
        "encoding_5_z3": 30.857487201690674
    },
    "ins-24": {
        "encoding_2C_z3": 2.4699108600616455,
        "encoding_5_z3": 26.51067876815796
    },
    "ins-25": {
        "encoding_2C_z3": 190.0054771900177,
        "encoding_5_z3": "NaN"
    },
    "ins-26": {
        "encoding_2C_z3": 24.33112096786499,
        "encoding_5_z3": "NaN"
    },
    "ins-27": {
        "encoding_2C_z3": 5.387654542922974,
        "encoding_5_z3": 292.21256828308105
    },
    "ins-28": {
        "encoding_2C_z3": 6.453882932662964,
        "encoding_5_z3": 116.07301449775696
    },
    "ins-29": {
        "encoding_2C_z3": 3.122265577316284,
        "encoding_5_z3": 187.58517932891846
    },
    "ins-30": {
        "encoding_2C_z3": 222.93270206451416,
        "encoding_5_z3": "NaN"
    },
    "ins-31": {
        "encoding_2C_z3": 0.7259225845336914,
        "encoding_5_z3": 46.14154243469238
    },
    "ins-32": {
        "encoding_2C_z3": "NaN",
        "encoding_5_z3": "NaN"
    },
    "ins-33": {
        "encoding_2C_z3": 1.3826556205749512,
        "encoding_5_z3": 51.82429242134094
    },
    "ins-34": {
        "encoding_2C_z3": 54.48616313934326,
        "encoding_5_z3": 161.92945384979248
    },
    "ins-35": {
        "encoding_2C_z3": 57.74988865852356,
        "encoding_5_z3": 200.77510261535645
    },
    "ins-36": {
        "encoding_2C_z3": 14.373486757278442,
        "encoding_5_z3": 164.97786378860474
    },
    "ins-37": {
        "encoding_2C_z3": "NaN",
        "encoding_5_z3": "NaN"
    },
    "ins-38": {
        "encoding_2C_z3": "NaN",
        "encoding_5_z3": "NaN"
    },
    "ins-39": {
        "encoding_2C_z3": 135.47837233543396,
        "encoding_5_z3": "NaN"
    },
    "ins-40": {
        "encoding_2C_z3": "NaN",
        "encoding_5_z3": "NaN"
    }
}