{
    "ins-1": {
        "encoding_2B_z3": 0.4987921714782715,
        "encoding_2C_z3": 0.3120765686035156,
        "encoding_2D_z3": 0.35372328758239746
    },
    "ins-2": {
        "encoding_2B_z3": 0.25072312355041504,
        "encoding_2C_z3": 0.2651350498199463,
        "encoding_2D_z3": 0.23936057090759277
    },
    "ins-3": {
        "encoding_2B_z3": 0.20243310928344727,
        "encoding_2C_z3": 0.21282482147216797,
        "encoding_2D_z3": 0.22006702423095703
    },
    "ins-4": {
        "encoding_2B_z3": 0.20795559883117676,
        "encoding_2C_z3": 0.2245473861694336,
        "encoding_2D_z3": 0.19207286834716797
    },
    "ins-5": {
        "encoding_2B_z3": 0.22606658935546875,
        "encoding_2C_z3": 0.21194934844970703,
        "encoding_2D_z3": 0.1933913230895996
    },
    "ins-6": {
        "encoding_2B_z3": 0.20748543739318848,
        "encoding_2C_z3": 0.2190074920654297,
        "encoding_2D_z3": 0.23466205596923828
    },
    "ins-7": {
        "encoding_2B_z3": 0.22701215744018555,
        "encoding_2C_z3": 0.2130279541015625,
        "encoding_2D_z3": 0.23408150672912598
    },
    "ins-8": {
        "encoding_2B_z3": 0.19621968269348145,
        "encoding_2C_z3": 0.2234354019165039,
        "encoding_2D_z3": 0.22878551483154297
    },
    "ins-9": {
        "encoding_2B_z3": 0.22127413749694824,
        "encoding_2C_z3": 0.2215723991394043,
        "encoding_2D_z3": 0.27245521545410156
    },
    "ins-10": {
        "encoding_2B_z3": 0.2728152275085449,
        "encoding_2C_z3": 0.2755918502807617,
        "encoding_2D_z3": 0.27016258239746094
    },
    "ins-11": {
        "encoding_2B_z3": 6.386426210403442,
        "encoding_2C_z3": 6.63118839263916,
        "encoding_2D_z3": 6.977949142456055
    },
    "ins-12": {
        "encoding_2B_z3": 1.040057897567749,
        "encoding_2C_z3": 0.6888883113861084,
        "encoding_2D_z3": 0.9411449432373047
    },
    "ins-13": {
        "encoding_2B_z3": 0.6447432041168213,
        "encoding_2C_z3": 0.7014360427856445,
        "encoding_2D_z3": 0.6282603740692139
    },
    "ins-14": {
        "encoding_2B_z3": 0.8137719631195068,
        "encoding_2C_z3": 0.8864898681640625,
        "encoding_2D_z3": 0.7480499744415283
    },
    "ins-15": {
        "encoding_2B_z3": 0.6899056434631348,
        "encoding_2C_z3": 1.0532679557800293,
        "encoding_2D_z3": 0.7255184650421143
    },
    "ins-16": {
        "encoding_2B_z3": 8.223286867141724,
        "encoding_2C_z3": 17.161964893341064,
        "encoding_2D_z3": 7.808461666107178
    },
    "ins-17": {
        "encoding_2B_z3": 1.8168153762817383,
        "encoding_2C_z3": 2.595616340637207,
        "encoding_2D_z3": 1.512847661972046
    },
    "ins-18": {
        "encoding_2B_z3": 5.903560161590576,
        "encoding_2C_z3": 5.074887752532959,
        "encoding_2D_z3": 5.209805488586426
    },
    "ins-19": {
        "encoding_2B_z3": 130.03052353858948,
        "encoding_2C_z3": 223.74301552772522,
        "encoding_2D_z3": 84.61798882484436
    },
    "ins-20": {
        "encoding_2B_z3": 13.986327171325684,
        "encoding_2C_z3": 54.74081873893738,
        "encoding_2D_z3": 14.012703657150269
    },
    "ins-21": {
        "encoding_2B_z3": 14.621130228042603,
        "encoding_2C_z3": 14.420068740844727,
        "encoding_2D_z3": 16.01746368408203
    },
    "ins-22": {
        "encoding_2B_z3": 13.74770736694336,
        "encoding_2C_z3": 105.1944727897644,
        "encoding_2D_z3": 14.278126955032349
    },
    "ins-23": {
        "encoding_2B_z3": 3.549006938934326,
        "encoding_2C_z3": 5.386758089065552,
        "encoding_2D_z3": 3.3893988132476807
    },
    "ins-24": {
        "encoding_2B_z3": 1.4773056507110596,
        "encoding_2C_z3": 2.466076135635376,
        "encoding_2D_z3": 1.4172556400299072
    },
    "ins-25": {
        "encoding_2B_z3": 182.05217456817627,
        "encoding_2C_z3": 164.815087556839,
        "encoding_2D_z3": 204.1152307987213
    },
    "ins-26": {
        "encoding_2B_z3": 12.640708923339844,
        "encoding_2C_z3": 29.61596703529358,
        "encoding_2D_z3": 16.016793966293335
    },
    "ins-27": {
        "encoding_2B_z3": 8.099303483963013,
        "encoding_2C_z3": 8.541000366210938,
        "encoding_2D_z3": 10.483065128326416
    },
    "ins-28": {
        "encoding_2B_z3": 17.968570232391357,
        "encoding_2C_z3": 9.593557834625244,
        "encoding_2D_z3": 17.94297432899475
    },
    "ins-29": {
        "encoding_2B_z3": 22.515069484710693,
        "encoding_2C_z3": 5.25730299949646,
        "encoding_2D_z3": 22.231844425201416
    },
    "ins-30": {
        "encoding_2B_z3": 160.0072422027588,
        "encoding_2C_z3": 150.5279426574707,
        "encoding_2D_z3": 120.10604953765869
    },
    "ins-31": {
        "encoding_2B_z3": 2.398406505584717,
        "encoding_2C_z3": 0.7108755111694336,
        "encoding_2D_z3": 2.6366219520568848
    },
    "ins-32": {
        "encoding_2B_z3": "NaN",
        "encoding_2C_z3": "NaN",
        "encoding_2D_z3": "NaN"
    },
    "ins-33": {
        "encoding_2B_z3": 1.4283509254455566,
        "encoding_2C_z3": 1.3371400833129883,
        "encoding_2D_z3": 1.7065346240997314
    },
    "ins-34": {
        "encoding_2B_z3": 220.22571969032288,
        "encoding_2C_z3": 113.43248677253723,
        "encoding_2D_z3": "NaN"
    },
    "ins-35": {
        "encoding_2B_z3": 214.72613978385925,
        "encoding_2C_z3": 66.2839834690094,
        "encoding_2D_z3": 102.89684534072876
    },
    "ins-36": {
        "encoding_2B_z3": 21.171879768371582,
        "encoding_2C_z3": 15.610666275024414,
        "encoding_2D_z3": 21.190885543823242
    },
    "ins-37": {
        "encoding_2B_z3": "NaN",
        "encoding_2C_z3": "NaN",
        "encoding_2D_z3": "NaN"
    },
    "ins-38": {
        "encoding_2B_z3": "NaN",
        "encoding_2C_z3": "NaN",
        "encoding_2D_z3": "NaN"
    },
    "ins-39": {
        "encoding_2B_z3": "NaN",
        "encoding_2C_z3": 253.7754304409027,
        "encoding_2D_z3": "NaN"
    },
    "ins-40": {
        "encoding_2B_z3": "NaN",
        "encoding_2C_z3": "NaN",
        "encoding_2D_z3": "NaN"
    }
}