{
    "ins-1": {
        "encoding_2C_z3": 0.3120765686035156,
        "encoding_3F_cvc5": 0.4484987258911133,
        "encoding_3F_yices-smt2": 0.45769596099853516
    },
    "ins-2": {
        "encoding_2C_z3": 0.2651350498199463,
        "encoding_3F_cvc5": 0.45998454093933105,
        "encoding_3F_yices-smt2": 0.3919990062713623
    },
    "ins-3": {
        "encoding_2C_z3": 0.21282482147216797,
        "encoding_3F_cvc5": 0.441084623336792,
        "encoding_3F_yices-smt2": 0.3356800079345703
    },
    "ins-4": {
        "encoding_2C_z3": 0.2245473861694336,
        "encoding_3F_cvc5": 0.6293365955352783,
        "encoding_3F_yices-smt2": 0.37969136238098145
    },
    "ins-5": {
        "encoding_2C_z3": 0.21194934844970703,
        "encoding_3F_cvc5": 0.6334679126739502,
        "encoding_3F_yices-smt2": 0.4275031089782715
    },
    "ins-6": {
        "encoding_2C_z3": 0.2190074920654297,
        "encoding_3F_cvc5": 0.9164853096008301,
        "encoding_3F_yices-smt2": 0.46001601219177246
    },
    "ins-7": {
        "encoding_2C_z3": 0.2130279541015625,
        "encoding_3F_cvc5": 1.0005486011505127,
        "encoding_3F_yices-smt2": 0.5999948978424072
    },
    "ins-8": {
        "encoding_2C_z3": 0.2234354019165039,
        "encoding_3F_cvc5": 0.6451988220214844,
        "encoding_3F_yices-smt2": 0.4365501403808594
    },
    "ins-9": {
        "encoding_2C_z3": 0.2215723991394043,
        "encoding_3F_cvc5": 1.3066432476043701,
        "encoding_3F_yices-smt2": 0.4059159755706787
    },
    "ins-10": {
        "encoding_2C_z3": 0.2755918502807617,
        "encoding_3F_cvc5": 2.7452259063720703,
        "encoding_3F_yices-smt2": 0.491757869720459
    },
    "ins-11": {
        "encoding_2C_z3": 6.63118839263916,
        "encoding_3F_cvc5": 11.79609227180481,
        "encoding_3F_yices-smt2": 36.347493171691895
    },
    "ins-12": {
        "encoding_2C_z3": 0.6888883113861084,
        "encoding_3F_cvc5": 15.824980974197388,
        "encoding_3F_yices-smt2": 0.7095596790313721
    },
    "ins-13": {
        "encoding_2C_z3": 0.7014360427856445,
        "encoding_3F_cvc5": 8.278284311294556,
        "encoding_3F_yices-smt2": 0.8756420612335205
    },
    "ins-14": {
        "encoding_2C_z3": 0.8864898681640625,
        "encoding_3F_cvc5": 11.861047983169556,
        "encoding_3F_yices-smt2": 0.833284854888916
    },
    "ins-15": {
        "encoding_2C_z3": 1.0532679557800293,
        "encoding_3F_cvc5": 3.1210575103759766,
        "encoding_3F_yices-smt2": 2.8822622299194336
    },
    "ins-16": {
        "encoding_2C_z3": 17.161964893341064,
        "encoding_3F_cvc5": 127.47531199455261,
        "encoding_3F_yices-smt2": 239.8818221092224
    },
    "ins-17": {
        "encoding_2C_z3": 2.595616340637207,
        "encoding_3F_cvc5": 20.578075885772705,
        "encoding_3F_yices-smt2": 10.678773164749146
    },
    "ins-18": {
        "encoding_2C_z3": 5.074887752532959,
        "encoding_3F_cvc5": 42.22535037994385,
        "encoding_3F_yices-smt2": 14.692284107208252
    },
    "ins-19": {
        "encoding_2C_z3": 223.74301552772522,
        "encoding_3F_cvc5": 109.83976006507874,
        "encoding_3F_yices-smt2": 87.10842108726501
    },
    "ins-20": {
        "encoding_2C_z3": 54.74081873893738,
        "encoding_3F_cvc5": 188.77879905700684,
        "encoding_3F_yices-smt2": 62.4088978767395
    },
    "ins-21": {
        "encoding_2C_z3": 14.420068740844727,
        "encoding_3F_cvc5": 204.47293496131897,
        "encoding_3F_yices-smt2": 50.88687562942505
    },
    "ins-22": {
        "encoding_2C_z3": 105.1944727897644,
        "encoding_3F_cvc5": "NaN",
        "encoding_3F_yices-smt2": 57.83111810684204
    },
    "ins-23": {
        "encoding_2C_z3": 5.386758089065552,
        "encoding_3F_cvc5": 60.99441432952881,
        "encoding_3F_yices-smt2": 13.098881483078003
    },
    "ins-24": {
        "encoding_2C_z3": 2.466076135635376,
        "encoding_3F_cvc5": 17.60827922821045,
        "encoding_3F_yices-smt2": 3.697134256362915
    },
    "ins-25": {
        "encoding_2C_z3": 164.815087556839,
        "encoding_3F_cvc5": "NaN",
        "encoding_3F_yices-smt2": "NaN"
    },
    "ins-26": {
        "encoding_2C_z3": 29.61596703529358,
        "encoding_3F_cvc5": 147.68037605285645,
        "encoding_3F_yices-smt2": 76.26889324188232
    },
    "ins-27": {
        "encoding_2C_z3": 8.541000366210938,
        "encoding_3F_cvc5": 11.395768404006958,
        "encoding_3F_yices-smt2": 4.967869758605957
    },
    "ins-28": {
        "encoding_2C_z3": 9.593557834625244,
        "encoding_3F_cvc5": "NaN",
        "encoding_3F_yices-smt2": 60.58807849884033
    },
    "ins-29": {
        "encoding_2C_z3": 5.25730299949646,
        "encoding_3F_cvc5": 294.919890165329,
        "encoding_3F_yices-smt2": 73.44150352478027
    },
    "ins-30": {
        "encoding_2C_z3": 150.5279426574707,
        "encoding_3F_cvc5": "NaN",
        "encoding_3F_yices-smt2": "NaN"
    },
    "ins-31": {
        "encoding_2C_z3": 0.7108755111694336,
        "encoding_3F_cvc5": 28.03580069541931,
        "encoding_3F_yices-smt2": 3.8709912300109863
    },
    "ins-32": {
        "encoding_2C_z3": "NaN",
        "encoding_3F_cvc5": "NaN",
        "encoding_3F_yices-smt2": "NaN"
    },
    "ins-33": {
        "encoding_2C_z3": 1.3371400833129883,
        "encoding_3F_cvc5": 20.252663373947144,
        "encoding_3F_yices-smt2": 3.43434739112854
    },
    "ins-34": {
        "encoding_2C_z3": 113.43248677253723,
        "encoding_3F_cvc5": "NaN",
        "encoding_3F_yices-smt2": 55.51819038391113
    },
    "ins-35": {
        "encoding_2C_z3": 66.2839834690094,
        "encoding_3F_cvc5": "NaN",
        "encoding_3F_yices-smt2": 291.51528763771057
    },
    "ins-36": {
        "encoding_2C_z3": 15.610666275024414,
        "encoding_3F_cvc5": "NaN",
        "encoding_3F_yices-smt2": 298.3157639503479
    },
    "ins-37": {
        "encoding_2C_z3": "NaN",
        "encoding_3F_cvc5": "NaN",
        "encoding_3F_yices-smt2": "NaN"
    },
    "ins-38": {
        "encoding_2C_z3": "NaN",
        "encoding_3F_cvc5": "NaN",
        "encoding_3F_yices-smt2": "NaN"
    },
    "ins-39": {
        "encoding_2C_z3": 253.7754304409027,
        "encoding_3F_cvc5": "NaN",
        "encoding_3F_yices-smt2": 119.36981534957886
    },
    "ins-40": {
        "encoding_2C_z3": "NaN",
        "encoding_3F_cvc5": "NaN",
        "encoding_3F_yices-smt2": "NaN"
    }
}