{
    "ins-1": {
        "encoding_1_z3": 0.3847339153289795,
        "encoding_2A_z3": 0.3100714683532715
    },
    "ins-2": {
        "encoding_1_z3": 0.4122300148010254,
        "encoding_2A_z3": 0.28315210342407227
    },
    "ins-3": {
        "encoding_1_z3": 0.516852855682373,
        "encoding_2A_z3": 0.3223419189453125
    },
    "ins-4": {
        "encoding_1_z3": 0.5156610012054443,
        "encoding_2A_z3": 0.365628719329834
    },
    "ins-5": {
        "encoding_1_z3": 0.7435302734375,
        "encoding_2A_z3": 0.375546932220459
    },
    "ins-6": {
        "encoding_1_z3": 1.0600628852844238,
        "encoding_2A_z3": 0.4461853504180908
    },
    "ins-7": {
        "encoding_1_z3": 0.9513475894927979,
        "encoding_2A_z3": 0.40456128120422363
    },
    "ins-8": {
        "encoding_1_z3": 0.8795197010040283,
        "encoding_2A_z3": 0.40205907821655273
    },
    "ins-9": {
        "encoding_1_z3": 1.3083009719848633,
        "encoding_2A_z3": 0.346590518951416
    },
    "ins-10": {
        "encoding_1_z3": 1.7185335159301758,
        "encoding_2A_z3": 0.6724417209625244
    }
}