{
    "ins-1": {
        "encoding_3F_cvc5": 0.46427440643310547
    },
    "ins-2": {
        "encoding_3F_cvc5": 0.25382351875305176
    },
    "ins-3": {
        "encoding_3F_cvc5": 0.30982303619384766
    },
    "ins-4": {
        "encoding_3F_cvc5": 0.5087101459503174
    },
    "ins-5": {
        "encoding_3F_cvc5": 0.4930729866027832
    },
    "ins-6": {
        "encoding_3F_cvc5": 0.5850093364715576
    },
    "ins-7": {
        "encoding_3F_cvc5": 0.6497056484222412
    },
    "ins-8": {
        "encoding_3F_cvc5": 0.4807281494140625
    },
    "ins-9": {
        "encoding_3F_cvc5": 1.1820096969604492
    },
    "ins-10": {
        "encoding_3F_cvc5": 2.215404510498047
    },
    "ins-11": {
        "encoding_3F_cvc5": 11.25598406791687
    },
    "ins-12": {
        "encoding_3F_cvc5": 12.657376050949097
    },
    "ins-13": {
        "encoding_3F_cvc5": 7.463364601135254
    },
    "ins-14": {
        "encoding_3F_cvc5": 10.781492710113525
    },
    "ins-15": {
        "encoding_3F_cvc5": 2.597714900970459
    },
    "ins-16": {
        "encoding_3F_cvc5": 86.64165163040161
    },
    "ins-17": {
        "encoding_3F_cvc5": 18.60013508796692
    },
    "ins-18": {
        "encoding_3F_cvc5": 47.40792465209961
    },
    "ins-19": {
        "encoding_3F_cvc5": 114.72761130332947
    },
    "ins-20": {
        "encoding_3F_cvc5": 202.94822359085083
    },
    "ins-21": {
        "encoding_3F_cvc5": 204.47293496131897
    },
    "ins-22": {
        "encoding_3F_cvc5": "NaN"
    },
    "ins-23": {
        "encoding_3F_cvc5": 60.99441432952881
    },
    "ins-24": {
        "encoding_3F_cvc5": 17.60827922821045
    },
    "ins-25": {
        "encoding_3F_cvc5": "NaN"
    },
    "ins-26": {
        "encoding_3F_cvc5": 147.68037605285645
    },
    "ins-27": {
        "encoding_3F_cvc5": 11.395768404006958
    },
    "ins-28": {
        "encoding_3F_cvc5": "NaN"
    },
    "ins-29": {
        "encoding_3F_cvc5": 294.919890165329
    },
    "ins-30": {
        "encoding_3F_cvc5": "NaN"
    },
    "ins-31": {
        "encoding_3F_cvc5": 28.03580069541931
    },
    "ins-32": {
        "encoding_3F_cvc5": "NaN"
    },
    "ins-33": {
        "encoding_3F_cvc5": 20.252663373947144
    },
    "ins-34": {
        "encoding_3F_cvc5": "NaN"
    },
    "ins-35": {
        "encoding_3F_cvc5": "NaN"
    },
    "ins-36": {
        "encoding_3F_cvc5": "NaN"
    },
    "ins-37": {
        "encoding_3F_cvc5": "NaN"
    },
    "ins-38": {
        "encoding_3F_cvc5": "NaN"
    },
    "ins-39": {
        "encoding_3F_cvc5": "NaN"
    },
    "ins-40": {
        "encoding_3F_cvc5": "NaN"
    }
}