{
    "ins-21": {
        "encoding_3A_z3": 109.1320641040802,
        "encoding_3B_z3": 4.21381402015686,
        "encoding_3C_z3": 3.9709770679473877,
        "encoding_3D_z3": 69.44355607032776,
        "encoding_3E_z3": 53.427223920822144,
        "encoding_3F_z3": 56.204787492752075
    }
}