{
    "ins-1": {
        "encoding_2C_z3": 0.3120765686035156,
        "encoding_3B_z3": 0.43523359298706055
    },
    "ins-2": {
        "encoding_2C_z3": 0.2651350498199463,
        "encoding_3B_z3": 0.3144497871398926
    },
    "ins-3": {
        "encoding_2C_z3": 0.21282482147216797,
        "encoding_3B_z3": 0.4118483066558838
    },
    "ins-4": {
        "encoding_2C_z3": 0.2245473861694336,
        "encoding_3B_z3": 0.4260392189025879
    },
    "ins-5": {
        "encoding_2C_z3": 0.21194934844970703,
        "encoding_3B_z3": 0.47394633293151855
    },
    "ins-6": {
        "encoding_2C_z3": 0.2190074920654297,
        "encoding_3B_z3": 0.48816776275634766
    },
    "ins-7": {
        "encoding_2C_z3": 0.2130279541015625,
        "encoding_3B_z3": 0.3498384952545166
    },
    "ins-8": {
        "encoding_2C_z3": 0.2234354019165039,
        "encoding_3B_z3": 0.3325836658477783
    },
    "ins-9": {
        "encoding_2C_z3": 0.2215723991394043,
        "encoding_3B_z3": 0.3905477523803711
    },
    "ins-10": {
        "encoding_2C_z3": 0.2755918502807617,
        "encoding_3B_z3": 0.7978782653808594
    },
    "ins-11": {
        "encoding_2C_z3": 6.63118839263916,
        "encoding_3B_z3": 0.7852983474731445
    },
    "ins-12": {
        "encoding_2C_z3": 0.6888883113861084,
        "encoding_3B_z3": 4.384018898010254
    },
    "ins-13": {
        "encoding_2C_z3": 0.7014360427856445,
        "encoding_3B_z3": 0.9998924732208252
    },
    "ins-14": {
        "encoding_2C_z3": 0.8864898681640625,
        "encoding_3B_z3": 1.811279058456421
    },
    "ins-15": {
        "encoding_2C_z3": 1.0532679557800293,
        "encoding_3B_z3": 2.0486602783203125
    },
    "ins-16": {
        "encoding_2C_z3": 17.161964893341064,
        "encoding_3B_z3": 134.21198201179504
    },
    "ins-17": {
        "encoding_2C_z3": 2.595616340637207,
        "encoding_3B_z3": 7.820614814758301
    },
    "ins-18": {
        "encoding_2C_z3": 5.074887752532959,
        "encoding_3B_z3": 13.913693904876709
    },
    "ins-19": {
        "encoding_2C_z3": 223.74301552772522,
        "encoding_3B_z3": 101.2499840259552
    },
    "ins-20": {
        "encoding_2C_z3": 54.74081873893738,
        "encoding_3B_z3": 9.991937637329102
    },
    "ins-21": {
        "encoding_2C_z3": 14.420068740844727,
        "encoding_3B_z3": 4.21381402015686
    },
    "ins-22": {
        "encoding_2C_z3": 105.1944727897644,
        "encoding_3B_z3": 41.55592679977417
    },
    "ins-23": {
        "encoding_2C_z3": 5.386758089065552,
        "encoding_3B_z3": 8.077341794967651
    },
    "ins-24": {
        "encoding_2C_z3": 2.466076135635376,
        "encoding_3B_z3": 44.01732683181763
    },
    "ins-25": {
        "encoding_2C_z3": 164.815087556839,
        "encoding_3B_z3": 23.216837882995605
    },
    "ins-26": {
        "encoding_2C_z3": 29.61596703529358,
        "encoding_3B_z3": 13.411536455154419
    },
    "ins-27": {
        "encoding_2C_z3": 8.541000366210938,
        "encoding_3B_z3": 42.465412855148315
    },
    "ins-28": {
        "encoding_2C_z3": 9.593557834625244,
        "encoding_3B_z3": 6.722167253494263
    },
    "ins-29": {
        "encoding_2C_z3": 5.25730299949646,
        "encoding_3B_z3": 48.41751790046692
    },
    "ins-30": {
        "encoding_2C_z3": 150.5279426574707,
        "encoding_3B_z3": "NaN"
    },
    "ins-31": {
        "encoding_2C_z3": 0.7108755111694336,
        "encoding_3B_z3": 4.152526378631592
    },
    "ins-32": {
        "encoding_2C_z3": "NaN",
        "encoding_3B_z3": "NaN"
    },
    "ins-33": {
        "encoding_2C_z3": 1.3371400833129883,
        "encoding_3B_z3": 20.13320016860962
    },
    "ins-34": {
        "encoding_2C_z3": 113.43248677253723,
        "encoding_3B_z3": "NaN"
    },
    "ins-35": {
        "encoding_2C_z3": 66.2839834690094,
        "encoding_3B_z3": 55.3217499256134
    },
    "ins-36": {
        "encoding_2C_z3": 15.610666275024414,
        "encoding_3B_z3": 27.45021939277649
    },
    "ins-37": {
        "encoding_2C_z3": "NaN",
        "encoding_3B_z3": "NaN"
    },
    "ins-38": {
        "encoding_2C_z3": "NaN",
        "encoding_3B_z3": "NaN"
    },
    "ins-39": {
        "encoding_2C_z3": 253.7754304409027,
        "encoding_3B_z3": "NaN"
    },
    "ins-40": {
        "encoding_2C_z3": "NaN",
        "encoding_3B_z3": "NaN"
    }
}