{
    "ins-1": {
        "model_symmetry_cplex": 0.07978034019470215,
        "model_symmetry_gurobi": 0.06862115859985352
    },
    "ins-2": {
        "model_symmetry_cplex": 0.09441065788269043,
        "model_symmetry_gurobi": 0.09799051284790039
    },
    "ins-3": {
        "model_symmetry_cplex": 0.10647320747375488,
        "model_symmetry_gurobi": 0.06722068786621094
    },
    "ins-4": {
        "model_symmetry_cplex": 0.1327345371246338,
        "model_symmetry_gurobi": 0.07449746131896973
    },
    "ins-5": {
        "model_symmetry_cplex": 0.14270257949829102,
        "model_symmetry_gurobi": 0.11035275459289551
    },
    "ins-6": {
        "model_symmetry_cplex": 0.1504969596862793,
        "model_symmetry_gurobi": 0.10962319374084473
    },
    "ins-7": {
        "model_symmetry_cplex": 0.15700054168701172,
        "model_symmetry_gurobi": 0.10899758338928223
    },
    "ins-8": {
        "model_symmetry_cplex": 0.18168258666992188,
        "model_symmetry_gurobi": 0.10018372535705566
    },
    "ins-9": {
        "model_symmetry_cplex": 0.17312955856323242,
        "model_symmetry_gurobi": 0.13729524612426758
    },
    "ins-10": {
        "model_symmetry_cplex": 0.3604702949523926,
        "model_symmetry_gurobi": 0.48699402809143066
    },
    "ins-11": {
        "model_symmetry_cplex": 11.1652512550354,
        "model_symmetry_gurobi": 2.059192180633545
    },
    "ins-12": {
        "model_symmetry_cplex": 0.29276418685913086,
        "model_symmetry_gurobi": 0.3943440914154053
    },
    "ins-13": {
        "model_symmetry_cplex": 9.361214637756348,
        "model_symmetry_gurobi": 0.8221163749694824
    },
    "ins-14": {
        "model_symmetry_cplex": 30.709267616271973,
        "model_symmetry_gurobi": 0.581981897354126
    },
    "ins-15": {
        "model_symmetry_cplex": 1.0571744441986084,
        "model_symmetry_gurobi": 0.7915756702423096
    },
    "ins-16": {
        "model_symmetry_cplex": 7.885554552078247,
        "model_symmetry_gurobi": 0.6318888664245605
    },
    "ins-17": {
        "model_symmetry_cplex": 7.301675319671631,
        "model_symmetry_gurobi": 3.5557949542999268
    },
    "ins-18": {
        "model_symmetry_cplex": 2.6044044494628906,
        "model_symmetry_gurobi": 1.6792333126068115
    },
    "ins-19": {
        "model_symmetry_cplex": "NaN",
        "model_symmetry_gurobi": "NaN"
    },
    "ins-20": {
        "model_symmetry_cplex": "NaN",
        "model_symmetry_gurobi": 24.408997535705566
    },
    "ins-21": {
        "model_symmetry_cplex": 27.639116048812866,
        "model_symmetry_gurobi": 34.41495633125305
    },
    "ins-22": {
        "model_symmetry_cplex": "NaN",
        "model_symmetry_gurobi": 32.797982931137085
    },
    "ins-23": {
        "model_symmetry_cplex": 6.005990505218506,
        "model_symmetry_gurobi": 5.024073362350464
    },
    "ins-24": {
        "model_symmetry_cplex": 16.923065423965454,
        "model_symmetry_gurobi": 3.047002077102661
    },
    "ins-25": {
        "model_symmetry_cplex": "NaN",
        "model_symmetry_gurobi": "NaN"
    },
    "ins-26": {
        "model_symmetry_cplex": 113.56355237960815,
        "model_symmetry_gurobi": 71.85899877548218
    },
    "ins-27": {
        "model_symmetry_cplex": 38.78560543060303,
        "model_symmetry_gurobi": 3.1630005836486816
    },
    "ins-28": {
        "model_symmetry_cplex": 53.71704435348511,
        "model_symmetry_gurobi": 4.526321649551392
    },
    "ins-29": {
        "model_symmetry_cplex": 124.70911431312561,
        "model_symmetry_gurobi": 4.9621264934539795
    },
    "ins-30": {
        "model_symmetry_cplex": "NaN",
        "model_symmetry_gurobi": "NaN"
    },
    "ins-31": {
        "model_symmetry_cplex": 6.633002996444702,
        "model_symmetry_gurobi": 15.261003255844116
    },
    "ins-32": {
        "model_symmetry_cplex": "NaN",
        "model_symmetry_gurobi": "NaN"
    },
    "ins-33": {
        "model_symmetry_cplex": 15.470998525619507,
        "model_symmetry_gurobi": 0.7430002689361572
    },
    "ins-34": {
        "model_symmetry_cplex": "NaN",
        "model_symmetry_gurobi": "NaN"
    },
    "ins-35": {
        "model_symmetry_cplex": "NaN",
        "model_symmetry_gurobi": "NaN"
    },
    "ins-36": {
        "model_symmetry_cplex": "NaN",
        "model_symmetry_gurobi": "NaN"
    },
    "ins-37": {
        "model_symmetry_cplex": "NaN",
        "model_symmetry_gurobi": "NaN"
    },
    "ins-38": {
        "model_symmetry_cplex": "NaN",
        "model_symmetry_gurobi": "NaN"
    },
    "ins-39": {
        "model_symmetry_cplex": "NaN",
        "model_symmetry_gurobi": "NaN"
    },
    "ins-40": {
        "model_symmetry_cplex": "NaN",
        "model_symmetry_gurobi": "NaN"
    }
}