{
    "ins-1": {
        "model_1_cplex": 0.07045817375183105,
        "model_1_gurobi": 0.06200218200683594
    },
    "ins-2": {
        "model_1_cplex": 0.08028197288513184,
        "model_1_gurobi": 0.06508851051330566
    },
    "ins-3": {
        "model_1_cplex": 0.10170173645019531,
        "model_1_gurobi": 0.064453125
    },
    "ins-4": {
        "model_1_cplex": 0.1119377613067627,
        "model_1_gurobi": 0.06614112854003906
    },
    "ins-5": {
        "model_1_cplex": 0.1092531681060791,
        "model_1_gurobi": 0.09248757362365723
    },
    "ins-6": {
        "model_1_cplex": 0.1664597988128662,
        "model_1_gurobi": 0.0903785228729248
    },
    "ins-7": {
        "model_1_cplex": 0.1157524585723877,
        "model_1_gurobi": 0.07544064521789551
    },
    "ins-8": {
        "model_1_cplex": 0.17943048477172852,
        "model_1_gurobi": 0.12397956848144531
    },
    "ins-9": {
        "model_1_cplex": 0.20670819282531738,
        "model_1_gurobi": 0.09785032272338867
    },
    "ins-10": {
        "model_1_cplex": 0.35599350929260254,
        "model_1_gurobi": 0.37523388862609863
    },
    "ins-11": {
        "model_1_cplex": 9.66166615486145,
        "model_1_gurobi": 1.8904411792755127
    },
    "ins-12": {
        "model_1_cplex": 0.2627224922180176,
        "model_1_gurobi": 0.4109642505645752
    },
    "ins-13": {
        "model_1_cplex": 7.976241588592529,
        "model_1_gurobi": 0.6552383899688721
    },
    "ins-14": {
        "model_1_cplex": 27.73034954071045,
        "model_1_gurobi": 0.5766689777374268
    },
    "ins-15": {
        "model_1_cplex": 1.0532715320587158,
        "model_1_gurobi": 0.8072435855865479
    },
    "ins-16": {
        "model_1_cplex": 7.902202844619751,
        "model_1_gurobi": 0.6430168151855469
    },
    "ins-17": {
        "model_1_cplex": 7.393097639083862,
        "model_1_gurobi": 3.4863975048065186
    },
    "ins-18": {
        "model_1_cplex": 2.6313347816467285,
        "model_1_gurobi": 1.6062889099121094
    },
    "ins-19": {
        "model_1_cplex": "NaN",
        "model_1_gurobi": "NaN"
    },
    "ins-20": {
        "model_1_cplex": 268.22142601013184,
        "model_1_gurobi": 23.041629791259766
    },
    "ins-21": {
        "model_1_cplex": 25.860281229019165,
        "model_1_gurobi": 31.396320819854736
    },
    "ins-22": {
        "model_1_cplex": "NaN",
        "model_1_gurobi": 30.264891624450684
    },
    "ins-23": {
        "model_1_cplex": 5.86998987197876,
        "model_1_gurobi": 4.807915687561035
    },
    "ins-24": {
        "model_1_cplex": 15.964801788330078,
        "model_1_gurobi": 2.5282928943634033
    },
    "ins-25": {
        "model_1_cplex": "NaN",
        "model_1_gurobi": "NaN"
    },
    "ins-26": {
        "model_1_cplex": 104.02914714813232,
        "model_1_gurobi": 58.183244943618774
    },
    "ins-27": {
        "model_1_cplex": 35.555285692214966,
        "model_1_gurobi": 2.725888252258301
    },
    "ins-28": {
        "model_1_cplex": 50.77305030822754,
        "model_1_gurobi": 3.31036114692688
    },
    "ins-29": {
        "model_1_cplex": 99.9774239063263,
        "model_1_gurobi": 4.019953489303589
    },
    "ins-30": {
        "model_1_cplex": "NaN",
        "model_1_gurobi": "NaN"
    },
    "ins-31": {
        "model_1_cplex": 3.0927224159240723,
        "model_1_gurobi": 6.147639274597168
    },
    "ins-32": {
        "model_1_cplex": "NaN",
        "model_1_gurobi": "NaN"
    },
    "ins-33": {
        "model_1_cplex": 4.816723823547363,
        "model_1_gurobi": 0.2488110065460205
    },
    "ins-34": {
        "model_1_cplex": "NaN",
        "model_1_gurobi": 46.60927438735962
    },
    "ins-35": {
        "model_1_cplex": "NaN",
        "model_1_gurobi": "NaN"
    },
    "ins-36": {
        "model_1_cplex": "NaN",
        "model_1_gurobi": 61.208247900009155
    },
    "ins-37": {
        "model_1_cplex": "NaN",
        "model_1_gurobi": "NaN"
    },
    "ins-38": {
        "model_1_cplex": "NaN",
        "model_1_gurobi": "NaN"
    },
    "ins-39": {
        "model_1_cplex": "NaN",
        "model_1_gurobi": "NaN"
    },
    "ins-40": {
        "model_1_cplex": "NaN",
        "model_1_gurobi": "NaN"
    }
}