{
    "ins-1": {
        "model_symmetry_cplex": 0.07053518295288086,
        "model_symmetry_gurobi": 0.08454489707946777
    },
    "ins-2": {
        "model_symmetry_cplex": 0.0834958553314209,
        "model_symmetry_gurobi": 0.061328887939453125
    },
    "ins-3": {
        "model_symmetry_cplex": 0.08754229545593262,
        "model_symmetry_gurobi": 0.0661172866821289
    },
    "ins-4": {
        "model_symmetry_cplex": 0.11182904243469238,
        "model_symmetry_gurobi": 0.09670472145080566
    },
    "ins-5": {
        "model_symmetry_cplex": 0.13839960098266602,
        "model_symmetry_gurobi": 0.0695490837097168
    },
    "ins-6": {
        "model_symmetry_cplex": 0.1419064998626709,
        "model_symmetry_gurobi": 0.09635210037231445
    },
    "ins-7": {
        "model_symmetry_cplex": 0.1516282558441162,
        "model_symmetry_gurobi": 0.1031949520111084
    },
    "ins-8": {
        "model_symmetry_cplex": 0.11649918556213379,
        "model_symmetry_gurobi": 0.09318423271179199
    },
    "ins-9": {
        "model_symmetry_cplex": 0.1899399757385254,
        "model_symmetry_gurobi": 0.08963751792907715
    },
    "ins-10": {
        "model_symmetry_cplex": 0.22133374214172363,
        "model_symmetry_gurobi": 0.42987966537475586
    },
    "ins-11": {
        "model_symmetry_cplex": 8.267626762390137,
        "model_symmetry_gurobi": 0.8040132522583008
    },
    "ins-12": {
        "model_symmetry_cplex": 0.3777644634246826,
        "model_symmetry_gurobi": 0.6111831665039062
    },
    "ins-13": {
        "model_symmetry_cplex": 0.5549805164337158,
        "model_symmetry_gurobi": 0.8283047676086426
    },
    "ins-14": {
        "model_symmetry_cplex": 1.5280766487121582,
        "model_symmetry_gurobi": 0.43550801277160645
    },
    "ins-15": {
        "model_symmetry_cplex": 3.659266471862793,
        "model_symmetry_gurobi": 1.1056692600250244
    },
    "ins-16": {
        "model_symmetry_cplex": 37.09774351119995,
        "model_symmetry_gurobi": 6.101149559020996
    },
    "ins-17": {
        "model_symmetry_cplex": 11.48886775970459,
        "model_symmetry_gurobi": 1.1822919845581055
    },
    "ins-18": {
        "model_symmetry_cplex": 104.60402917861938,
        "model_symmetry_gurobi": 33.44494986534119
    },
    "ins-19": {
        "model_symmetry_cplex": "NaN",
        "model_symmetry_gurobi": "NaN"
    },
    "ins-20": {
        "model_symmetry_cplex": 30.492619037628174,
        "model_symmetry_gurobi": "NaN"
    },
    "ins-21": {
        "model_symmetry_cplex": 246.02547454833984,
        "model_symmetry_gurobi": "NaN"
    },
    "ins-22": {
        "model_symmetry_cplex": "NaN",
        "model_symmetry_gurobi": "NaN"
    },
    "ins-23": {
        "model_symmetry_cplex": 45.65057039260864,
        "model_symmetry_gurobi": 3.2812047004699707
    },
    "ins-24": {
        "model_symmetry_cplex": 58.98678421974182,
        "model_symmetry_gurobi": 1.4530982971191406
    },
    "ins-25": {
        "model_symmetry_cplex": "NaN",
        "model_symmetry_gurobi": "NaN"
    },
    "ins-26": {
        "model_symmetry_cplex": "NaN",
        "model_symmetry_gurobi": "NaN"
    },
    "ins-27": {
        "model_symmetry_cplex": 11.093330144882202,
        "model_symmetry_gurobi": 30.532613515853882
    },
    "ins-28": {
        "model_symmetry_cplex": "NaN",
        "model_symmetry_gurobi": 10.430588245391846
    },
    "ins-29": {
        "model_symmetry_cplex": 59.49666357040405,
        "model_symmetry_gurobi": 7.923182487487793
    },
    "ins-30": {
        "model_symmetry_cplex": "NaN",
        "model_symmetry_gurobi": "NaN"
    },
    "ins-31": {
        "model_symmetry_cplex": 3.118173837661743,
        "model_symmetry_gurobi": 6.091127634048462
    },
    "ins-32": {
        "model_symmetry_cplex": "NaN",
        "model_symmetry_gurobi": "NaN"
    },
    "ins-33": {
        "model_symmetry_cplex": 6.292844533920288,
        "model_symmetry_gurobi": 0.29349780082702637
    },
    "ins-34": {
        "model_symmetry_cplex": "NaN",
        "model_symmetry_gurobi": 49.37842106819153
    },
    "ins-35": {
        "model_symmetry_cplex": "NaN",
        "model_symmetry_gurobi": "NaN"
    },
    "ins-36": {
        "model_symmetry_cplex": 18.60910439491272,
        "model_symmetry_gurobi": 43.349321603775024
    },
    "ins-37": {
        "model_symmetry_cplex": "NaN",
        "model_symmetry_gurobi": "NaN"
    },
    "ins-38": {
        "model_symmetry_cplex": "NaN",
        "model_symmetry_gurobi": "NaN"
    }
}