{
    "ins-1": {
        "model_dual_cplex": 0.1600024700164795,
        "model_dual_gurobi": 0.09100103378295898
    },
    "ins-2": {
        "model_dual_cplex": 0.17098069190979004,
        "model_dual_gurobi": 0.18699288368225098
    },
    "ins-3": {
        "model_dual_cplex": 0.9710030555725098,
        "model_dual_gurobi": 0.11398983001708984
    },
    "ins-4": {
        "model_dual_cplex": 0.6339974403381348,
        "model_dual_gurobi": 0.13100123405456543
    },
    "ins-5": {
        "model_dual_cplex": 0.34099769592285156,
        "model_dual_gurobi": 0.21500277519226074
    },
    "ins-6": {
        "model_dual_cplex": 1.2960007190704346,
        "model_dual_gurobi": 0.1569974422454834
    },
    "ins-7": {
        "model_dual_cplex": 0.26201725006103516,
        "model_dual_gurobi": 0.19300508499145508
    },
    "ins-8": {
        "model_dual_cplex": 1.791999340057373,
        "model_dual_gurobi": 0.3399953842163086
    },
    "ins-9": {
        "model_dual_cplex": 0.9739973545074463,
        "model_dual_gurobi": 0.3109860420227051
    },
    "ins-10": {
        "model_dual_cplex": 1.8179991245269775,
        "model_dual_gurobi": 0.2680013179779053
    },
    "ins-11": {
        "model_dual_cplex": 19.37100648880005,
        "model_dual_gurobi": 0.19799232482910156
    },
    "ins-12": {
        "model_dual_cplex": 1.4220025539398193,
        "model_dual_gurobi": 0.2339951992034912
    },
    "ins-13": {
        "model_dual_cplex": 19.236005306243896,
        "model_dual_gurobi": 1.2190008163452148
    },
    "ins-14": {
        "model_dual_cplex": 63.470001220703125,
        "model_dual_gurobi": 9.090004920959473
    },
    "ins-15": {
        "model_dual_cplex": 2.597001075744629,
        "model_dual_gurobi": 0.8140010833740234
    },
    "ins-16": {
        "model_dual_cplex": 19.84799313545227,
        "model_dual_gurobi": "NaN"
    },
    "ins-17": {
        "model_dual_cplex": 19.468998908996582,
        "model_dual_gurobi": 4.897991180419922
    },
    "ins-18": {
        "model_dual_cplex": 7.870999813079834,
        "model_dual_gurobi": 286.50303864479065
    },
    "ins-19": {
        "model_dual_cplex": "NaN",
        "model_dual_gurobi": 227.79411435127258
    },
    "ins-20": {
        "model_dual_cplex": "NaN",
        "model_dual_gurobi": "NaN"
    },
    "ins-21": {
        "model_dual_cplex": 63.921000719070435,
        "model_dual_gurobi": "NaN"
    },
    "ins-22": {
        "model_dual_cplex": "NaN",
        "model_dual_gurobi": "NaN"
    },
    "ins-23": {
        "model_dual_cplex": 14.549994230270386,
        "model_dual_gurobi": 95.3009991645813
    },
    "ins-24": {
        "model_dual_cplex": 39.44599914550781,
        "model_dual_gurobi": 9.948992490768433
    },
    "ins-25": {
        "model_dual_cplex": "NaN",
        "model_dual_gurobi": "NaN"
    },
    "ins-26": {
        "model_dual_cplex": 207.9679913520813,
        "model_dual_gurobi": 154.4910011291504
    },
    "ins-27": {
        "model_dual_cplex": 76.6469988822937,
        "model_dual_gurobi": 7.571997404098511
    },
    "ins-28": {
        "model_dual_cplex": 106.71600127220154,
        "model_dual_gurobi": 11.4620041847229
    },
    "ins-29": {
        "model_dual_cplex": 201.0899999141693,
        "model_dual_gurobi": 3.5099940299987793
    },
    "ins-30": {
        "model_dual_cplex": "NaN",
        "model_dual_gurobi": "NaN"
    },
    "ins-31": {
        "model_dual_cplex": 4.166001081466675,
        "model_dual_gurobi": 2.7239911556243896
    },
    "ins-32": {
        "model_dual_cplex": "NaN",
        "model_dual_gurobi": "NaN"
    },
    "ins-33": {
        "model_dual_cplex": 4.951982736587524,
        "model_dual_gurobi": 2.0692286491394043
    },
    "ins-34": {
        "model_dual_cplex": "NaN",
        "model_dual_gurobi": "NaN"
    },
    "ins-35": {
        "model_dual_cplex": "NaN",
        "model_dual_gurobi": "NaN"
    },
    "ins-36": {
        "model_dual_cplex": "NaN",
        "model_dual_gurobi": 42.45500445365906
    },
    "ins-37": {
        "model_dual_cplex": "NaN",
        "model_dual_gurobi": "NaN"
    },
    "ins-38": {
        "model_dual_cplex": "NaN",
        "model_dual_gurobi": "NaN"
    }
}