{
    "ins-1": {
        "model_1_cplex": 0.09699845314025879,
        "model_1_gurobi": 0.08699393272399902
    },
    "ins-2": {
        "model_1_cplex": 0.11099791526794434,
        "model_1_gurobi": 0.09598779678344727
    },
    "ins-3": {
        "model_1_cplex": 0.12598299980163574,
        "model_1_gurobi": 0.08295917510986328
    },
    "ins-4": {
        "model_1_cplex": 0.1499788761138916,
        "model_1_gurobi": 0.07901883125305176
    },
    "ins-5": {
        "model_1_cplex": 0.1779942512512207,
        "model_1_gurobi": 0.08099842071533203
    },
    "ins-6": {
        "model_1_cplex": 0.18900728225708008,
        "model_1_gurobi": 0.1110386848449707
    },
    "ins-7": {
        "model_1_cplex": 0.17799782752990723,
        "model_1_gurobi": 0.09400248527526855
    },
    "ins-8": {
        "model_1_cplex": 0.12697744369506836,
        "model_1_gurobi": 0.11300158500671387
    },
    "ins-9": {
        "model_1_cplex": 0.22493457794189453,
        "model_1_gurobi": 0.1099996566772461
    },
    "ins-10": {
        "model_1_cplex": 0.2495739459991455,
        "model_1_gurobi": 0.43511152267456055
    },
    "ins-11": {
        "model_1_cplex": 9.39199185371399,
        "model_1_gurobi": 0.8989083766937256
    },
    "ins-12": {
        "model_1_cplex": 0.5439906120300293,
        "model_1_gurobi": 0.7699952125549316
    },
    "ins-13": {
        "model_1_cplex": 0.6279644966125488,
        "model_1_gurobi": 1.1900007724761963
    },
    "ins-14": {
        "model_1_cplex": 2.1656858921051025,
        "model_1_gurobi": 0.629997730255127
    },
    "ins-15": {
        "model_1_cplex": 4.137004375457764,
        "model_1_gurobi": 1.2777061462402344
    },
    "ins-16": {
        "model_1_cplex": 40.93753170967102,
        "model_1_gurobi": 6.482245206832886
    },
    "ins-17": {
        "model_1_cplex": 11.955885648727417,
        "model_1_gurobi": 1.1956188678741455
    },
    "ins-18": {
        "model_1_cplex": 107.93128275871277,
        "model_1_gurobi": 34.44044065475464
    },
    "ins-19": {
        "model_1_cplex": "NaN",
        "model_1_gurobi": "NaN"
    },
    "ins-20": {
        "model_1_cplex": 30.27129888534546,
        "model_1_gurobi": "NaN"
    },
    "ins-21": {
        "model_1_cplex": "NaN",
        "model_1_gurobi": "NaN"
    },
    "ins-22": {
        "model_1_cplex": "NaN",
        "model_1_gurobi": "NaN"
    },
    "ins-23": {
        "model_1_cplex": 46.744829177856445,
        "model_1_gurobi": 3.4505038261413574
    },
    "ins-24": {
        "model_1_cplex": 60.81350088119507,
        "model_1_gurobi": 1.5796887874603271
    },
    "ins-25": {
        "model_1_cplex": "NaN",
        "model_1_gurobi": "NaN"
    },
    "ins-26": {
        "model_1_cplex": "NaN",
        "model_1_gurobi": "NaN"
    },
    "ins-27": {
        "model_1_cplex": 11.40178918838501,
        "model_1_gurobi": 31.01299500465393
    },
    "ins-28": {
        "model_1_cplex": "NaN",
        "model_1_gurobi": 10.836995363235474
    },
    "ins-29": {
        "model_1_cplex": 60.40408992767334,
        "model_1_gurobi": 7.980615615844727
    },
    "ins-30": {
        "model_1_cplex": "NaN",
        "model_1_gurobi": "NaN"
    },
    "ins-31": {
        "model_1_cplex": 3.194999933242798,
        "model_1_gurobi": 6.262960433959961
    },
    "ins-32": {
        "model_1_cplex": "NaN",
        "model_1_gurobi": "NaN"
    },
    "ins-33": {
        "model_1_cplex": 4.983004570007324,
        "model_1_gurobi": 0.25600123405456543
    },
    "ins-34": {
        "model_1_cplex": "NaN",
        "model_1_gurobi": 124.18399381637573
    },
    "ins-35": {
        "model_1_cplex": "NaN",
        "model_1_gurobi": "NaN"
    },
    "ins-36": {
        "model_1_cplex": 193.65699195861816,
        "model_1_gurobi": 12.650978088378906
    },
    "ins-37": {
        "model_1_cplex": "NaN",
        "model_1_gurobi": "NaN"
    },
    "ins-38": {
        "model_1_cplex": "NaN",
        "model_1_gurobi": "NaN"
    },
    "ins-39": {
        "model_1_cplex": "NaN",
        "model_1_gurobi": "NaN"
    },
    "ins-40": {
        "model_1_cplex": "NaN",
        "model_1_gurobi": "NaN"
    }
}