{
    "ins-1": {
        "model_0_cplex": 0.08899617195129395,
        "model_0_gurobi": 0.06999969482421875
    },
    "ins-2": {
        "model_0_cplex": 0.09701299667358398,
        "model_0_gurobi": 0.07299351692199707
    },
    "ins-3": {
        "model_0_cplex": 0.12099981307983398,
        "model_0_gurobi": 0.08200669288635254
    },
    "ins-4": {
        "model_0_cplex": 0.13499736785888672,
        "model_0_gurobi": 0.0993947982788086
    },
    "ins-5": {
        "model_0_cplex": 0.20499610900878906,
        "model_0_gurobi": 0.3960103988647461
    },
    "ins-6": {
        "model_0_cplex": 0.3169851303100586,
        "model_0_gurobi": 0.6439955234527588
    },
    "ins-7": {
        "model_0_cplex": 0.24574017524719238,
        "model_0_gurobi": 1.1249923706054688
    },
    "ins-8": {
        "model_0_cplex": 0.15500259399414062,
        "model_0_gurobi": 0.10200095176696777
    },
    "ins-9": {
        "model_0_cplex": 0.22199535369873047,
        "model_0_gurobi": 0.7019994258880615
    },
    "ins-10": {
        "model_0_cplex": 0.719186544418335,
        "model_0_gurobi": 5.232998609542847
    },
    "ins-11": {
        "model_0_cplex": "NaN",
        "model_0_gurobi": "NaN"
    },
    "ins-12": {
        "model_0_cplex": 1.7781522274017334,
        "model_0_gurobi": 0.37900209426879883
    },
    "ins-13": {
        "model_0_cplex": 14.767261505126953,
        "model_0_gurobi": 206.80426597595215
    },
    "ins-14": {
        "model_0_cplex": 109.28136920928955,
        "model_0_gurobi": "NaN"
    },
    "ins-15": {
        "model_0_cplex": 4.566289663314819,
        "model_0_gurobi": 0.23803997039794922
    },
    "ins-16": {
        "model_0_cplex": "NaN",
        "model_0_gurobi": "NaN"
    },
    "ins-17": {
        "model_0_cplex": 3.1078429222106934,
        "model_0_gurobi": 4.157545566558838
    },
    "ins-18": {
        "model_0_cplex": 15.339844942092896,
        "model_0_gurobi": 4.330744743347168
    },
    "ins-19": {
        "model_0_cplex": "NaN",
        "model_0_gurobi": "NaN"
    },
    "ins-20": {
        "model_0_cplex": "NaN",
        "model_0_gurobi": "NaN"
    },
    "ins-21": {
        "model_0_cplex": "NaN",
        "model_0_gurobi": "NaN"
    },
    "ins-22": {
        "model_0_cplex": "NaN",
        "model_0_gurobi": "NaN"
    },
    "ins-23": {
        "model_0_cplex": 12.39794635772705,
        "model_0_gurobi": 4.495425224304199
    },
    "ins-24": {
        "model_0_cplex": 147.39681911468506,
        "model_0_gurobi": 3.37115740776062
    },
    "ins-25": {
        "model_0_cplex": "NaN",
        "model_0_gurobi": "NaN"
    },
    "ins-26": {
        "model_0_cplex": 76.78730940818787,
        "model_0_gurobi": "NaN"
    },
    "ins-27": {
        "model_0_cplex": 6.475679636001587,
        "model_0_gurobi": 3.5371692180633545
    },
    "ins-28": {
        "model_0_cplex": 10.102142572402954,
        "model_0_gurobi": 20.450048446655273
    },
    "ins-29": {
        "model_0_cplex": 43.381964445114136,
        "model_0_gurobi": 23.759494304656982
    },
    "ins-30": {
        "model_0_cplex": "NaN",
        "model_0_gurobi": 92.70283389091492
    },
    "ins-31": {
        "model_0_cplex": 3.4335532188415527,
        "model_0_gurobi": 3.417884588241577
    },
    "ins-32": {
        "model_0_cplex": "NaN",
        "model_0_gurobi": "NaN"
    },
    "ins-33": {
        "model_0_cplex": 6.8935511112213135,
        "model_0_gurobi": 2.7974984645843506
    },
    "ins-34": {
        "model_0_cplex": "NaN",
        "model_0_gurobi": "NaN"
    },
    "ins-35": {
        "model_0_cplex": "NaN",
        "model_0_gurobi": "NaN"
    },
    "ins-36": {
        "model_0_cplex": "NaN",
        "model_0_gurobi": "NaN"
    },
    "ins-37": {
        "model_0_cplex": "NaN",
        "model_0_gurobi": "NaN"
    },
    "ins-38": {
        "model_0_cplex": "NaN",
        "model_0_gurobi": "NaN"
    },
    "ins-39": {
        "model_0_cplex": "NaN",
        "model_0_gurobi": "NaN"
    },
    "ins-40": {
        "model_0_cplex": "NaN",
        "model_0_gurobi": "NaN"
    }
}