{
    "ins-1": {
        "model_1_cplex_symmetry": 0.0781259536743164,
        "model_1_gurobi_symmetry": 0.07809829711914062,
        "model_1_cplex_dual": 0.07617354393005371,
        "model_1_gurobi_dual": 0.06250715255737305
    },
    "ins-2": {
        "model_1_cplex_symmetry": 0.10937690734863281,
        "model_1_gurobi_symmetry": 0.07933568954467773,
        "model_1_cplex_dual": 0.10640740394592285,
        "model_1_gurobi_dual": 0.07400083541870117
    },
    "ins-3": {
        "model_1_cplex_symmetry": 0.10938000679016113,
        "model_1_gurobi_symmetry": 0.09430980682373047,
        "model_1_cplex_dual": 0.07812666893005371,
        "model_1_gurobi_dual": 0.06252741813659668
    },
    "ins-4": {
        "model_1_cplex_symmetry": 0.12498760223388672,
        "model_1_gurobi_symmetry": 0.08500146865844727,
        "model_1_cplex_dual": 0.109344482421875,
        "model_1_gurobi_dual": 0.0625302791595459
    },
    "ins-5": {
        "model_1_cplex_symmetry": 0.15857172012329102,
        "model_1_gurobi_symmetry": 0.10578346252441406,
        "model_1_cplex_dual": 0.0993490219116211,
        "model_1_gurobi_dual": 0.04687619209289551
    },
    "ins-6": {
        "model_1_cplex_symmetry": 0.17040681838989258,
        "model_1_gurobi_symmetry": 0.11806488037109375,
        "model_1_cplex_dual": 0.19351649284362793,
        "model_1_gurobi_dual": 0.0781259536743164
    },
    "ins-7": {
        "model_1_cplex_symmetry": 0.13880419731140137,
        "model_1_gurobi_symmetry": 0.09557771682739258,
        "model_1_cplex_dual": 0.10937070846557617,
        "model_1_gurobi_dual": 0.1112668514251709
    },
    "ins-8": {
        "model_1_cplex_symmetry": 0.3437209129333496,
        "model_1_gurobi_symmetry": 0.09378409385681152,
        "model_1_cplex_dual": 0.1562502384185791,
        "model_1_gurobi_dual": 0.09170794486999512
    },
    "ins-9": {
        "model_1_cplex_symmetry": 0.20316076278686523,
        "model_1_gurobi_symmetry": 0.12275528907775879,
        "model_1_cplex_dual": 0.17891502380371094,
        "model_1_gurobi_dual": 0.062499284744262695
    },
    "ins-10": {
        "model_1_cplex_symmetry": 0.4803905487060547,
        "model_1_gurobi_symmetry": 0.4872584342956543,
        "model_1_cplex_dual": 0.3415415287017822,
        "model_1_gurobi_dual": 0.1073298454284668
    },
    "ins-11": {
        "model_1_cplex_symmetry": 13.462385177612305,
        "model_1_gurobi_symmetry": 2.623558521270752,
        "model_1_cplex_dual": 9.562217712402344,
        "model_1_gurobi_dual": 0.08975458145141602
    },
    "ins-12": {
        "model_1_cplex_symmetry": 0.519582986831665,
        "model_1_gurobi_symmetry": 0.43567395210266113,
        "model_1_cplex_dual": 0.24999308586120605,
        "model_1_gurobi_dual": 0.09664630889892578
    },
    "ins-13": {
        "model_1_cplex_symmetry": 11.17844820022583,
        "model_1_gurobi_symmetry": 0.8826403617858887,
        "model_1_cplex_dual": 7.868060111999512,
        "model_1_gurobi_dual": 0.43495726585388184
    },
    "ins-14": {
        "model_1_cplex_symmetry": 37.51808047294617,
        "model_1_gurobi_symmetry": 0.7632701396942139,
        "model_1_cplex_dual": 27.083937644958496,
        "model_1_gurobi_dual": 2.885307788848877
    },
    "ins-15": {
        "model_1_cplex_symmetry": 1.5684232711791992,
        "model_1_gurobi_symmetry": 1.0612080097198486,
        "model_1_cplex_dual": 1.0114083290100098,
        "model_1_gurobi_dual": 0.6189849376678467
    },
    "ins-16": {
        "model_1_cplex_symmetry": 10.8389151096344,
        "model_1_gurobi_symmetry": 0.808182954788208,
        "model_1_cplex_dual": 7.756569862365723,
        "model_1_gurobi_dual": 169.82850813865662
    },
    "ins-17": {
        "model_1_cplex_symmetry": 10.012351512908936,
        "model_1_gurobi_symmetry": 4.721608400344849,
        "model_1_cplex_dual": 7.180262565612793,
        "model_1_gurobi_dual": 1.554893970489502
    },
    "ins-18": {
        "model_1_cplex_symmetry": 3.6373465061187744,
        "model_1_gurobi_symmetry": 2.168881416320801,
        "model_1_cplex_dual": 2.542241096496582,
        "model_1_gurobi_dual": 128.62176632881165
    },
    "ins-19": {
        "model_1_cplex_symmetry": "NaN",
        "model_1_gurobi_symmetry": "NaN",
        "model_1_cplex_dual": "NaN",
        "model_1_gurobi_dual": 100.13550448417664
    },
    "ins-20": {
        "model_1_cplex_symmetry": 267.629341840744,
        "model_1_gurobi_symmetry": 21.619906902313232,
        "model_1_cplex_dual": 265.4278483390808,
        "model_1_gurobi_dual": "NaN"
    },
    "ins-21": {
        "model_1_cplex_symmetry": 25.22594666481018,
        "model_1_gurobi_symmetry": 29.134039640426636,
        "model_1_cplex_dual": 25.273946523666382,
        "model_1_gurobi_dual": "NaN"
    },
    "ins-22": {
        "model_1_cplex_symmetry": "NaN",
        "model_1_gurobi_symmetry": 28.476694345474243,
        "model_1_cplex_dual": "NaN",
        "model_1_gurobi_dual": "NaN"
    },
    "ins-23": {
        "model_1_cplex_symmetry": 5.838732957839966,
        "model_1_gurobi_symmetry": 5.038528919219971,
        "model_1_cplex_dual": 5.788650751113892,
        "model_1_gurobi_dual": 42.41165852546692
    },
    "ins-24": {
        "model_1_cplex_symmetry": 16.269471645355225,
        "model_1_gurobi_symmetry": 2.4223814010620117,
        "model_1_cplex_dual": 15.72323489189148,
        "model_1_gurobi_dual": 3.4536454677581787
    },
    "ins-25": {
        "model_1_cplex_symmetry": "NaN",
        "model_1_gurobi_symmetry": "NaN",
        "model_1_cplex_dual": "NaN",
        "model_1_gurobi_dual": "NaN"
    },
    "ins-26": {
        "model_1_cplex_symmetry": 106.06979894638062,
        "model_1_gurobi_symmetry": 56.53844404220581,
        "model_1_cplex_dual": 102.00295042991638,
        "model_1_gurobi_dual": 83.76685237884521
    },
    "ins-27": {
        "model_1_cplex_symmetry": 35.15571975708008,
        "model_1_gurobi_symmetry": 2.573730707168579,
        "model_1_cplex_dual": 33.76793885231018,
        "model_1_gurobi_dual": 2.93843674659729
    },
    "ins-28": {
        "model_1_cplex_symmetry": 52.92699933052063,
        "model_1_gurobi_symmetry": 3.277470111846924,
        "model_1_cplex_dual": 49.3816876411438,
        "model_1_gurobi_dual": 4.703020334243774
    },
    "ins-29": {
        "model_1_cplex_symmetry": 103.91281867027283,
        "model_1_gurobi_symmetry": 4.047084331512451,
        "model_1_cplex_dual": 98.80299806594849,
        "model_1_gurobi_dual": 2.1301801204681396
    },
    "ins-30": {
        "model_1_cplex_symmetry": "NaN",
        "model_1_gurobi_symmetry": "NaN",
        "model_1_cplex_dual": "NaN",
        "model_1_gurobi_dual": 185.05286598205566
    },
    "ins-31": {
        "model_1_cplex_symmetry": 3.1331255435943604,
        "model_1_gurobi_symmetry": 5.9785261154174805,
        "model_1_cplex_dual": 3.052969217300415,
        "model_1_gurobi_dual": 2.187612533569336
    },
    "ins-32": {
        "model_1_cplex_symmetry": "NaN",
        "model_1_gurobi_symmetry": "NaN",
        "model_1_cplex_dual": "NaN",
        "model_1_gurobi_dual": "NaN"
    },
    "ins-33": {
        "model_1_cplex_symmetry": 5.136878967285156,
        "model_1_gurobi_symmetry": 0.23232483863830566,
        "model_1_cplex_dual": 4.775585412979126,
        "model_1_gurobi_dual": 1.9747788906097412
    },
    "ins-34": {
        "model_1_cplex_symmetry": "NaN",
        "model_1_gurobi_symmetry": "NaN",
        "model_1_cplex_dual": "NaN",
        "model_1_gurobi_dual": "NaN"
    },
    "ins-35": {
        "model_1_cplex_symmetry": "NaN",
        "model_1_gurobi_symmetry": 214.10384726524353,
        "model_1_cplex_dual": "NaN",
        "model_1_gurobi_dual": 267.75371503829956
    },
    "ins-36": {
        "model_1_cplex_symmetry": "NaN",
        "model_1_gurobi_symmetry": "NaN",
        "model_1_cplex_dual": "NaN",
        "model_1_gurobi_dual": 18.3288676738739
    },