{
    "ins-1": {
        "model_0_cplex": 0.04503941535949707,
        "model_1_cplex": 0.03193473815917969,
        "model_2A_cplex": 0.03458976745605469,
        "model_2B_cplex": 0.03408527374267578
    },
    "ins-2": {
        "model_0_cplex": 0.04804563522338867,
        "model_1_cplex": 0.04931950569152832,
        "model_2A_cplex": 0.04012656211853027,
        "model_2B_cplex": 0.04057455062866211
    },
    "ins-3": {
        "model_0_cplex": 0.05264401435852051,
        "model_1_cplex": 0.05247783660888672,
        "model_2A_cplex": 0.044918060302734375,
        "model_2B_cplex": 0.045739173889160156
    },
    "ins-4": {
        "model_0_cplex": 0.06961679458618164,
        "model_1_cplex": 0.06921124458312988,
        "model_2A_cplex": 0.04644417762756348,
        "model_2B_cplex": 0.04655766487121582
    },
    "ins-5": {
        "model_0_cplex": 0.15950894355773926,
        "model_1_cplex": 0.07813096046447754,
        "model_2A_cplex": 0.06074857711791992,
        "model_2B_cplex": 0.05078911781311035
    },
    "ins-6": {
        "model_0_cplex": 0.19362783432006836,
        "model_1_cplex": 0.08106398582458496,
        "model_2A_cplex": 0.07361960411071777,
        "model_2B_cplex": 0.06102705001831055
    },
    "ins-7": {
        "model_0_cplex": 0.21271419525146484,
        "model_1_cplex": 0.10301494598388672,
        "model_2A_cplex": 0.08379149436950684,
        "model_2B_cplex": 0.06302785873413086
    },
    "ins-8": {
        "model_0_cplex": 0.08504366874694824,
        "model_1_cplex": 0.1205148696899414,
        "model_2A_cplex": 0.06250405311584473,
        "model_2B_cplex": 0.057033538818359375
    },
    "ins-9": {
        "model_0_cplex": 0.21348333358764648,
        "model_1_cplex": 0.10565543174743652,
        "model_2A_cplex": 0.06941890716552734,
        "model_2B_cplex": 0.08695101737976074
    },
    "ins-10": {
        "model_0_cplex": 1.2122395038604736,
        "model_1_cplex": 0.24291086196899414,
        "model_2A_cplex": 0.08447670936584473,
        "model_2B_cplex": 0.0857706069946289
    },
    "ins-11": {
        "model_0_cplex": "NaN",
        "model_1_cplex": 12.932410955429077,
        "model_2A_cplex": 9.182432651519775,
        "model_2B_cplex": 3.1007072925567627
    },
    "ins-12": {
        "model_0_cplex": 1.716395378112793,
        "model_1_cplex": 1.141944169998169,
        "model_2A_cplex": 0.2543201446533203,
        "model_2B_cplex": 0.2543318271636963
    },
    "ins-13": {
        "model_0_cplex": 6.926493883132935,
        "model_1_cplex": 1.385267734527588,
        "model_2A_cplex": 0.348069429397583,
        "model_2B_cplex": 0.31615519523620605
    },
    "ins-14": {
        "model_0_cplex": 46.402695655822754,
        "model_1_cplex": 0.4118976593017578,
        "model_2A_cplex": 0.3211379051208496,
        "model_2B_cplex": 0.28523683547973633
    },
    "ins-15": {
        "model_0_cplex": 5.2539472579956055,
        "model_1_cplex": 7.002273082733154,
        "model_2A_cplex": 0.176527738571167,
        "model_2B_cplex": 0.6402871608734131
    },
    "ins-16": {
        "model_0_cplex": "NaN",
        "model_1_cplex": 6.178497791290283,
        "model_2A_cplex": 10.870208978652954,
        "model_2B_cplex": 1.258772373199463
    },
    "ins-17": {
        "model_0_cplex": 5.282818078994751,
        "model_1_cplex": 23.434300661087036,
        "model_2A_cplex": 9.939225435256958,
        "model_2B_cplex": 0.5585174560546875
    },
    "ins-18": {
        "model_0_cplex": 40.859949350357056,
        "model_1_cplex": 43.36100506782532,
        "model_2A_cplex": 5.3721537590026855,
        "model_2B_cplex": 0.32114243507385254
    },
    "ins-19": {
        "model_0_cplex": "NaN",
        "model_1_cplex": "NaN",
        "model_2A_cplex": 65.52188014984131,
        "model_2B_cplex": 15.872788667678833
    }
}