{
    "ins-1": {
        "model_dual_cplex": 0.0350034236907959
    },
    "ins-2": {
        "model_dual_cplex": 0.04246687889099121
    },
    "ins-3": {
        "model_dual_cplex": 0.045805931091308594
    },
    "ins-4": {
        "model_dual_cplex": 0.046133995056152344
    },
    "ins-5": {
        "model_dual_cplex": 0.05491018295288086
    },
    "ins-6": {
        "model_dual_cplex": 0.06305360794067383
    },
    "ins-7": {
        "model_dual_cplex": 0.0642538070678711
    },
    "ins-8": {
        "model_dual_cplex": 0.06482529640197754
    },
    "ins-9": {
        "model_dual_cplex": 0.08357548713684082
    },
    "ins-10": {
        "model_dual_cplex": 0.14760875701904297
    },
    "ins-11": {
        "model_dual_cplex": 3.090266704559326
    },
    "ins-12": {
        "model_dual_cplex": 0.23090624809265137
    },
    "ins-13": {
        "model_dual_cplex": 0.2791266441345215
    },
    "ins-14": {
        "model_dual_cplex": 0.24640154838562012
    },
    "ins-15": {
        "model_dual_cplex": 0.5414738655090332
    },
    "ins-16": {
        "model_dual_cplex": 1.2189326286315918
    },
    "ins-17": {
        "model_dual_cplex": 0.5624942779541016
    },
    "ins-18": {
        "model_dual_cplex": 0.3312356472015381
    },
    "ins-19": {
        "model_dual_cplex": 16.709360599517822
    },
    "ins-20": {
        "model_dual_cplex": 1.5623905658721924
    },
    "ins-21": {
        "model_dual_cplex": 1.7962431907653809
    },
    "ins-22": {
        "model_dual_cplex": 3.6718122959136963
    },
    "ins-23": {
        "model_dual_cplex": 3.7726173400878906
    },
    "ins-24": {
        "model_dual_cplex": 3.2530078887939453
    },
    "ins-25": {
        "model_dual_cplex": 8.27472996711731
    },
    "ins-26": {
        "model_dual_cplex": 11.388488054275513
    },
    "ins-27": {
        "model_dual_cplex": 15.892212629318237
    },
    "ins-28": {
        "model_dual_cplex": 57.804755449295044
    },
    "ins-29": {
        "model_dual_cplex": 8.416208267211914
    },
    "ins-30": {
        "model_dual_cplex": 35.33065152168274
    },
    "ins-31": {
        "model_dual_cplex": "NaN"
    },
    "ins-32": {
        "model_dual_cplex": 17.597760438919067
    },
    "ins-33": {
        "model_dual_cplex": 1.6254634857177734
    },
    "ins-34": {
        "model_dual_cplex": 72.92123889923096
    },
    "ins-35": {
        "model_dual_cplex": 85.46279239654541
    },
    "ins-36": {
        "model_dual_cplex": 35.06633186340332
    },
    "ins-37": {
        "model_dual_cplex": 60.27334690093994
    },
    "ins-38": {
        "model_dual_cplex": "NaN"
    },
    "ins-39": {
        "model_dual_cplex": 55.73090696334839
    },
    "ins-40": {
        "model_dual_cplex": "NaN"
    }
}