{
    "ins-20": {
        "model_2A_cplex": 31.56387162208557,
        "model_2B_cplex": 1.3161523342132568
    },
    "ins-21": {
        "model_2A_cplex": 99.84062695503235,
        "model_2B_cplex": 1.6709837913513184
    }
}