{
    "ins-1": {
        "model_2B_gurobi": 0.17280292510986328,
        "model_2B_cbc": 2.2261838912963867
    },
    "ins-2": {
        "model_2B_gurobi": 0.030390262603759766,
        "model_2B_cbc": 0.06582307815551758
    },
    "ins-3": {
        "model_2B_gurobi": 0.07279825210571289,
        "model_2B_cbc": 0.05957627296447754
    },
    "ins-4": {
        "model_2B_gurobi": 0.09764528274536133,
        "model_2B_cbc": 0.6955134868621826
    },
    "ins-5": {
        "model_2B_gurobi": 0.032013654708862305,
        "model_2B_cbc": 0.4418449401855469
    },
    "ins-6": {
        "model_2B_gurobi": 0.03444933891296387,
        "model_2B_cbc": 0.14620232582092285
    },
    "ins-7": {
        "model_2B_gurobi": 0.04077506065368652,
        "model_2B_cbc": 1.1090376377105713
    },
    "ins-8": {
        "model_2B_gurobi": 0.05385637283325195,
        "model_2B_cbc": 1.0935933589935303
    },
    "ins-9": {
        "model_2B_gurobi": 0.08228039741516113,
        "model_2B_cbc": 2.1896610260009766
    },
    "ins-10": {
        "model_2B_gurobi": 0.0469059944152832,
        "model_2B_cbc": 1.5172817707061768
    },
    "ins-11": {
        "model_2B_gurobi": 0.7137048244476318,
        "model_2B_cbc": "NaN"
    },
    "ins-12": {
        "model_2B_gurobi": 0.12793254852294922,
        "model_2B_cbc": 5.174745798110962
    },
    "ins-13": {
        "model_2B_gurobi": 0.18083453178405762,
        "model_2B_cbc": 27.79402256011963
    },
    "ins-14": {
        "model_2B_gurobi": 0.17957568168640137,
        "model_2B_cbc": 5.4792821407318115
    },
    "ins-15": {
        "model_2B_gurobi": 0.38958144187927246,
        "model_2B_cbc": 26.37651491165161
    },
    "ins-16": {
        "model_2B_gurobi": 0.3395557403564453,
        "model_2B_cbc": 280.7654483318329
    }
}