{
    "ins-1": {
        "encoding_10A": 0.400545597076416,
        "encoding_10B": 0.3100440502166748,
        "encoding_10C": 0.5010864734649658
    },

    "ins-2": {
        "encoding_10A": 0.4079413414001465,
        "encoding_10B": 0.3800797462463379,
        "encoding_10C": 0.4629349708557129
    },

    "ins-3": {
        "encoding_10A": 0.6060893535614014,
        "encoding_10B": 0.3797173500061035,
        "encoding_10C": 0.5455596446990967
    },

    "ins-4": {
        "encoding_10A": 1.087524652481079,
        "encoding_10B": 0.5169968605041504,
        "encoding_10C": 0.770437479019165
    },

    "ins-5": {
        "encoding_10A": 1.1713199615478516,
        "encoding_10B": 0.5404624938964844,
        "encoding_10C": 0.7700634002685547
    },

    "ins-6": {
        "encoding_10A": 2.3503224849700928,
        "encoding_10B": 0.9001874923706055,
        "encoding_10C": 1.2728805541992188
    },

    "ins-7": {
        "encoding_10A": 1.8474078178405762,
        "encoding_10B": 0.7101931571960449,
        "encoding_10C": 0.9641051292419434
    },

    "ins-8": {
        "encoding_10A": 2.4299566745758057,
        "encoding_10B": 0.854823112487793,
        "encoding_10C": 1.1768126487731934
    },

    "ins-9": {
        "encoding_10A": 2.5295660495758057,
        "encoding_10B": 0.9201865196228027,
        "encoding_10C": 1.2806377410888672
    },

    "ins-10": {
        "encoding_10A": 3.9401159286499023,
        "encoding_10B": 1.1995861530303955,
        "encoding_10C": 1.6286919116973877
    },

    "ins-11": {
        "encoding_10A": 7.766010284423828,
        "encoding_10B": 2.2700648307800293,
        "encoding_10C": 2.5506231784820557
    },

    "ins-12": {
        "encoding_10A": 5.343935012817383,
        "encoding_10B": 1.8244142532348633,
        "encoding_10C": 2.003718852996826
    },

    "ins-13": {
        "encoding_10A": 4.3351311683654785,
        "encoding_10B": 1.3745739459991455,
        "encoding_10C": 1.7041380405426025
    },

    "ins-14": {
        "encoding_10A": 7.028182029724121,
        "encoding_10B": 1.8689098358154297,
        "encoding_10C": 1.9935686588287354
    },

    "ins-15": {
        "encoding_10A": 9.859750032424927,
        "encoding_10B": 2.7620601654052734,
        "encoding_10C": 3.331303596496582
    },

    "ins-16": {
        "encoding_10A": 18.501705408096313,
        "encoding_10B": 4.219351291656494,
        "encoding_10C": 6.943408489227295
    },

    "ins-17": {
        "encoding_10A": 11.50031065940857,
        "encoding_10B": 3.1879117488861084,
        "encoding_10C": 3.615978479385376
    },

    "ins-18": {
        "encoding_10A": 16.02999210357666,
        "encoding_10B": 4.470468997955322,
        "encoding_10C": 5.016438722610474
    },

    "ins-19": {
        "encoding_10A": 25.009847164154053,
        "encoding_10B": 6.856920480728149,
        "encoding_10C": 18.5707905292511
    },

    "ins-20": {
        "encoding_10A": 17.440863847732544,
        "encoding_10B": 4.079230546951294,
        "encoding_10C": 10.818135738372803
    },

    "ins-21": {
        "encoding_10A": 21.580636262893677,
        "encoding_10B": 6.2164294719696045,
        "encoding_10C": 7.331686973571777
    },

    "ins-22": {
        "encoding_10A": 27.216224431991577,
        "encoding_10B": 8.100665807723999,
        "encoding_10C": 20.53760528564453
    },

    "ins-23": {
        "encoding_10A": 28.31517744064331,
        "encoding_10B": 7.9714882373809814,
        "encoding_10C": 15.508646249771118
    },

    "ins-24": {
        "encoding_10A": 24.81043791770935,
        "encoding_10B": 6.640344142913818,
        "encoding_10C": 8.660094261169434
    },

    "ins-25": {
        "encoding_10A": 82.28039717674255,
        "encoding_10B": 13.529115438461304,
        "encoding_10C": 21.91836643218994
    },

    "ins-26": {
        "encoding_10A": 51.80017876625061,
        "encoding_10B": 6.8603355884552,
        "encoding_10C": 21.043061017990112
    },

    "ins-27": {
        "encoding_10A": 47.66296887397766,
        "encoding_10B": 9.869292497634888,
        "encoding_10C": 12.694003820419312
    },

    "ins-28": {
        "encoding_10A": 50.235799074172974,
        "encoding_10B": 10.58040475845337,
        "encoding_10C": 14.706830739974976
    },

    "ins-29": {
        "encoding_10A": 60.785850286483765,
        "encoding_10B": 9.05919361114502,
        "encoding_10C": 12.405335426330566
    },

    "ins-30": {
        "encoding_10A": 96.95682787895203,
        "encoding_10B": 70.72086930274963,
        "encoding_10C": 187.45332598686218
    },

    "ins-31": {
        "encoding_10A": 45.61386752128601,
        "encoding_10B": 10.708343029022217,
        "encoding_10C": 10.987027645111084
    },

    "ins-32": {
        "encoding_10A": "NaN",
        "encoding_10B": "NaN",
        "encoding_10C": "NaN"
    },

    "ins-33": {
        "encoding_10A": 81.2696418762207,
        "encoding_10B": 17.679597854614258,
        "encoding_10C": 15.466493368148804
    },

    "ins-34": {
        "encoding_10A": 37.857919692993164,
        "encoding_10B": 33.42057466506958,
        "encoding_10C": 8.877315759658813
    },

    "ins-35": {
        "encoding_10A": 34.702312707901,
        "encoding_10B": 27.371325254440308,
        "encoding_10C": 18.79434061050415
    },

    "ins-36": {
        "encoding_10A": 35.59024381637573,
        "encoding_10B": 9.805482625961304,
        "encoding_10C": 16.714555740356445
    },

    "ins-37": {
        "encoding_10A": 159.01442408561707,
        "encoding_10B": 257.58352994918823,
        "encoding_10C": "NaN"
    },

    "ins-38": {
        "encoding_10A": "NaN",
        "encoding_10B": "NaN",
        "encoding_10C": "NaN"
    },

    "ins-39": {
        "encoding_10A": 96.07003498077393,
        "encoding_10B": 91.38145875930786,
        "encoding_10C": 97.55985140800476
    },
    
    "ins-40": {
        "encoding_10A": "NaN",
        "encoding_10B": "NaN",
        "encoding_10C": "NaN"
    }
}
