{
    "ins-1": {
        "encoding_3": 1.862363338470459,
        "encoding_4A": 1.5252070426940918
    },
    "ins-2": {
        "encoding_3": 2.117513418197632,
        "encoding_4A": 1.7812769412994385
    },
    "ins-3": {
        "encoding_3": 5.159844875335693,
        "encoding_4A": 4.228530645370483
    },
    "ins-4": {
        "encoding_3": 14.758455276489258,
        "encoding_4A": 11.78672170639038
    },
    "ins-5": {
        "encoding_3": 20.68687129020691,
        "encoding_4A": 14.236387252807617
    },
    "ins-6": {
        "encoding_3": 58.90158796310425,
        "encoding_4A": 47.44035744667053
    },
    "ins-7": {
        "encoding_3": 40.73759365081787,
        "encoding_4A": 31.37888813018799
    },
    "ins-8": {
        "encoding_3": 66.09722661972046,
        "encoding_4A": 56.826106786727905
    }
}