{
    "ins-1": {
        "model_r_7A": 0.35,
        "model_r_7B": 0.18,
        "model_r_7C": 0.36,
        "model_r_7D": 0.35,
        "model_r_7E": 0.36,
        "model_r_7F": 0.18,
        "model_r_7G": 0.34,
        "model_r_0_cplex_symmetry": 0.055715322494506836,
        "model_r_0_gurobi_symmetry": 0.04563164710998535,
        "encoding_11B": 0.7417643070220947,
        "encoding_11C": 0.7767155170440674,
        "encoding_5A_z3": 0.39895033836364746,
        "encoding_5B_z3": 0.24560761451721191
    },
    "ins-2": {
        "model_r_7A": 0.34,
        "model_r_7B": 0.36,
        "model_r_7C": 0.36,
        "model_r_7D": 0.37,
        "model_r_7E": 0.18,
        "model_r_7F": 0.34,
        "model_r_7G": 0.19,
        "model_r_0_cplex_symmetry": 0.05800008773803711,
        "model_r_0_gurobi_symmetry": 0.04600167274475098,
        "encoding_11B": 1.134251356124878,
        "encoding_11C": 1.002877950668335,
        "encoding_5A_z3": 0.34337544441223145,
        "encoding_5B_z3": 0.2624967098236084
    },
    "ins-3": {
        "model_r_7A": 0.36,
        "model_r_7B": 0.41,
        "model_r_7C": 0.43,
        "model_r_7D": 0.38,
        "model_r_7E": 0.39,
        "model_r_7F": 0.41,
        "model_r_7G": 0.35,
        "model_r_0_cplex_symmetry": 0.060314178466796875,
        "model_r_0_gurobi_symmetry": 0.0410003662109375,
        "encoding_11B": 1.4050302505493164,
        "encoding_11C": 1.389451026916504,
        "encoding_5A_z3": 0.330233097076416,
        "encoding_5B_z3": 0.24388408660888672
    },
    "ins-4": {
        "model_r_7A": 0.21,
        "model_r_7B": 0.19,
        "model_r_7C": 0.37,
        "model_r_7D": 0.42,
        "model_r_7E": 0.44,
        "model_r_7F": 0.38,
        "model_r_7G": 0.36,
        "model_r_0_cplex_symmetry": 0.06652665138244629,
        "model_r_0_gurobi_symmetry": 0.050818681716918945,
        "encoding_11B": 2.0061869621276855,
        "encoding_11C": 1.870177984237671,
        "encoding_5A_z3": 0.3498194217681885,
        "encoding_5B_z3": 0.30846548080444336
    },
    "ins-5": {
        "model_r_7A": 0.35,
        "model_r_7B": 0.35,
        "model_r_7C": 0.35,
        "model_r_7D": 0.36,
        "model_r_7E": 0.36,
        "model_r_7F": 0.35,
        "model_r_7G": 0.35,
        "model_r_0_cplex_symmetry": 0.12510895729064941,
        "model_r_0_gurobi_symmetry": 0.058031320571899414,
        "encoding_11B": 3.028193950653076,
        "encoding_11C": 3.0329935550689697,
        "encoding_5A_z3": 1.5878701210021973,
        "encoding_5B_z3": 1.161210298538208
    },
    "ins-6": {
        "model_r_7A": 0.39,
        "model_r_7B": 0.35,
        "model_r_7C": 0.22,
        "model_r_7D": 0.36,
        "model_r_7E": 0.38,
        "model_r_7F": 0.35,
        "model_r_7G": 0.39,
        "model_r_0_cplex_symmetry": 0.08094096183776855,
        "model_r_0_gurobi_symmetry": 0.059182167053222656,
        "encoding_11B": 3.6500563621520996,
        "encoding_11C": 3.77150559425354,
        "encoding_5A_z3": 0.5282871723175049,
        "encoding_5B_z3": 0.4722440242767334
    },
    "ins-7": {
        "model_r_7A": 0.41,
        "model_r_7B": 0.35,
        "model_r_7C": 0.35,
        "model_r_7D": 0.36,
        "model_r_7E": 0.35,
        "model_r_7F": 0.37,
        "model_r_7G": 0.36,
        "model_r_0_cplex_symmetry": 0.12916922569274902,
        "model_r_0_gurobi_symmetry": 0.1199953556060791,
        "encoding_11B": 4.262720108032227,
        "encoding_11C": 4.266954660415649,
        "encoding_5A_z3": 0.5799353122711182,
        "encoding_5B_z3": 0.7463316917419434
    },
    "ins-8": {
        "model_r_7A": 0.38,
        "model_r_7B": 0.38,
        "model_r_7C": 0.21,
        "model_r_7D": 0.36,
        "model_r_7E": 0.36,
        "model_r_7F": 0.36,
        "model_r_7G": 0.36,
        "model_r_0_cplex_symmetry": 0.07888460159301758,
        "model_r_0_gurobi_symmetry": 0.1905841827392578,
        "encoding_11B": 6.511831760406494,
        "encoding_11C": 6.434032440185547,
        "encoding_5A_z3": 0.731536865234375,
        "encoding_5B_z3": 0.5454068183898926
    },
    "ins-9": {
        "model_r_7A": 0.39,
        "model_r_7B": 0.36,
        "model_r_7C": 0.37,
        "model_r_7D": 0.36,
        "model_r_7E": 0.21,
        "model_r_7F": 0.2,
        "model_r_7G": 0.4,
        "model_r_0_cplex_symmetry": 0.508549690246582,
        "model_r_0_gurobi_symmetry": 0.1850895881652832,
        "encoding_11B": 6.437248229980469,
        "encoding_11C": 6.204314708709717,
        "encoding_5A_z3": 1.3903603553771973,
        "encoding_5B_z3": 0.5706079006195068
    },
    "ins-10": {
        "model_r_7A": 0.5,
        "model_r_7B": 0.37,
        "model_r_7C": 0.37,
        "model_r_7D": 0.37,
        "model_r_7E": 0.53,
        "model_r_7F": 0.65,
        "model_r_7G": 0.58,
        "model_r_0_cplex_symmetry": 0.9332454204559326,
        "model_r_0_gurobi_symmetry": 0.31122875213623047,
        "encoding_11B": 10.765300512313843,
        "encoding_11C": 10.562297582626343,
        "encoding_5A_z3": 0.6107020378112793,
        "encoding_5B_z3": 1.2457306385040283
    },
    "ins-11": {
        "model_r_7A": 2.13,
        "model_r_7B": 3.76,
        "model_r_7C": 1.85,
        "model_r_7D": 3.93,
        "model_r_7E": 1.19,
        "model_r_7F": 1.64,
        "model_r_7G": 1.42,
        "model_r_0_cplex_symmetry": 16.497997522354126,
        "model_r_0_gurobi_symmetry": 1.313330888748169,
        "encoding_11B": 27.837038040161133,
        "encoding_11C": 27.016945838928223,
        "encoding_5A_z3": 26.793851852416992,
        "encoding_5B_z3": 24.177143812179565
    },
    "ins-12": {
        "model_r_7A": 0.5,
        "model_r_7B": 0.22,
        "model_r_7C": 0.79,
        "model_r_7D": 0.38,
        "model_r_7E": 0.38,
        "model_r_7F": 2.47,
        "model_r_7G": 0.47,
        "model_r_0_cplex_symmetry": 0.457777738571167,
        "model_r_0_gurobi_symmetry": 0.08500051498413086,
        "encoding_11B": 19.769638538360596,
        "encoding_11C": 20.426689624786377,
        "encoding_5A_z3": 12.012620449066162,
        "encoding_5B_z3": 11.397156953811646
    },
    "ins-13": {
        "model_r_7A": 0.59,
        "model_r_7B": 0.39,
        "model_r_7C": 0.67,
        "model_r_7D": 0.39,
        "model_r_7E": 0.35,
        "model_r_7F": 0.51,
        "model_r_7G": 0.58,
        "model_r_0_cplex_symmetry": 1.9067778587341309,
        "model_r_0_gurobi_symmetry": 0.8577229976654053,
        "encoding_11B": 41.73253297805786,
        "encoding_11C": 49.6462287902832,
        "encoding_5A_z3": 3.5514628887176514,
        "encoding_5B_z3": 0.8035862445831299
    },
    "ins-14": {
        "model_r_7A": 0.82,
        "model_r_7B": 0.62,
        "model_r_7C": 0.75,
        "model_r_7D": 0.65,
        "model_r_7E": 0.61,
        "model_r_7F": 0.43,
        "model_r_7G": 0.52,
        "model_r_0_cplex_symmetry": 9.326337337493896,
        "model_r_0_gurobi_symmetry": 7.909280776977539,
        "encoding_11B": 64.6058042049408,
        "encoding_11C": 43.15788984298706,
        "encoding_5A_z3": 20.100079774856567,
        "encoding_5B_z3": 2.315324306488037
    },
    "ins-15": {
        "model_r_7A": 1.61,
        "model_r_7B": 0.41,
        "model_r_7C": 0.26,
        "model_r_7D": 0.43,
        "model_r_7E": 0.4,
        "model_r_7F": 0.4,
        "model_r_7G": 1.54,
        "model_r_0_cplex_symmetry": 0.5024549961090088,
        "model_r_0_gurobi_symmetry": 1.1857402324676514,
        "encoding_11B": 33.78805208206177,
        "encoding_11C": 29.23793601989746,
        "encoding_5A_z3": 21.321279525756836,
        "encoding_5B_z3": 24.528650045394897
    },
    "ins-16": {
        "model_r_7A": 2.22,
        "model_r_7B": 1.0,
        "model_r_7C": 4.18,
        "model_r_7D": 1.15,
        "model_r_7E": 4.34,
        "model_r_7F": 1.17,
        "model_r_7G": 7.42,
        "model_r_0_cplex_symmetry": 6.949370384216309,
        "model_r_0_gurobi_symmetry": 11.402221441268921,